0,1,2
191,0,339
191,0,333
191,0,330
191,0,313
191,0,308
191,0,307
191,0,268
191,0,267
191,0,265
191,0,264
191,0,262
191,0,261
191,0,260
191,0,259
191,0,258
191,0,257
191,0,255
191,0,254
191,0,252
191,0,250
191,0,248
191,0,242
191,0,239
191,0,238
191,0,237
191,0,236
191,0,235
191,0,234
191,0,233
191,0,232
191,0,230
191,0,229
191,0,228
191,0,227
191,0,164
191,0,147
191,0,146
191,0,144
191,0,143
191,0,142
191,0,141
191,0,140
191,0,138
191,0,136
191,0,135
191,0,134
191,0,132
191,0,131
191,0,129
191,0,127
191,0,126
191,0,125
191,0,121
191,0,118
191,0,116
191,0,114
191,0,109
191,0,105
191,0,103
191,0,100
191,0,98
191,0,97
191,0,96
191,0,95
191,0,94
191,0,93
191,0,92
191,0,91
191,0,74
191,0,60
191,0,46
191,0,39
191,1,33
191,0,32
191,1,31
191,0,27
191,1,7
190,0,337
190,0,333
190,0,331
190,0,329
190,0,327
190,0,308
190,0,307
190,0,304
190,0,298
190,0,286
190,0,261
190,0,252
190,0,247
190,0,245
190,0,244
190,0,243
190,0,240
190,0,239
190,0,237
190,0,235
190,0,234
190,0,233
190,0,232
190,0,230
190,0,229
190,0,228
190,0,226
190,0,225
190,0,224
190,0,223
190,0,222
190,0,221
190,0,220
190,0,218
190,0,211
190,0,210
190,0,207
190,0,206
190,0,204
190,0,203
190,0,202
190,0,201
190,0,200
190,0,198
190,0,195
190,0,193
190,0,192
190,0,191
190,0,190
190,0,189
190,0,186
190,0,184
190,0,183
190,0,167
190,0,166
190,1,161
190,0,134
190,0,127
190,0,122
190,0,121
190,0,119
190,0,118
190,0,117
190,0,107
190,0,106
190,0,104
190,0,103
190,0,100
190,0,99
190,0,98
190,0,95
190,0,94
190,0,93
190,0,92
190,0,91
190,0,89
190,0,88
190,0,86
190,0,85
190,0,83
190,0,80
190,0,79
190,0,78
190,0,77
190,0,76
190,0,75
190,0,74
190,0,70
190,0,69
190,0,67
190,0,65
190,0,64
190,0,62
190,0,60
190,0,58
190,0,56
190,0,39
190,0,32
190,1,31
190,1,29
190,0,27
190,1,22
190,1,21
190,0,13
190,1,11
190,1,9
190,1,7
189,0,340
189,0,339
189,0,329
189,0,308
189,0,307
189,0,304
189,0,302
189,0,301
189,0,300
189,0,298
189,0,297
189,0,285
189,0,284
189,0,283
189,0,282
189,0,281
189,0,279
189,0,278
189,0,277
189,0,276
189,0,274
189,0,272
189,0,271
189,0,270
189,0,269
189,0,268
189,0,267
189,0,266
189,0,265
189,0,264
189,0,262
189,0,261
189,0,260
189,0,259
189,0,258
189,0,257
189,0,255
189,0,254
189,0,253
189,0,252
189,0,251
189,0,248
189,0,242
189,0,238
189,0,237
189,0,236
189,0,233
189,0,232
189,0,230
189,0,229
189,0,228
189,0,226
189,0,225
189,0,224
189,0,223
189,0,221
189,0,220
189,0,218
189,0,217
189,0,213
189,0,210
189,0,209
189,0,208
189,0,207
189,0,206
189,0,205
189,0,203
189,0,202
189,0,201
189,0,200
189,0,199
189,0,198
189,0,197
189,0,196
189,0,195
189,0,193
189,0,192
189,0,190
189,0,188
189,0,186
189,0,185
189,0,183
189,0,175
189,0,174
189,0,167
189,0,166
189,1,162
189,1,161
189,0,159
189,0,158
189,0,157
189,0,156
189,0,151
189,0,150
189,0,148
189,0,147
189,0,146
189,0,144
189,0,143
189,0,142
189,0,141
189,0,136
189,0,135
189,0,134
189,0,133
189,0,132
189,0,131
189,0,129
189,0,128
189,0,127
189,0,126
189,0,125
189,0,124
189,0,123
189,0,122
189,0,121
189,0,119
189,0,118
189,0,117
189,0,116
189,0,115
189,0,114
189,0,113
189,0,112
189,0,107
189,0,103
189,0,101
189,0,100
189,0,99
189,0,97
189,0,96
189,0,95
189,0,94
189,0,93
189,0,92
189,0,91
189,0,89
189,0,88
189,0,86
189,0,85
189,0,83
189,0,82
189,0,80
189,0,79
189,0,78
189,0,76
189,0,75
189,0,73
189,0,72
189,0,71
189,0,70
189,0,68
189,0,67
189,0,65
189,0,64
189,0,63
189,0,62
189,0,60
189,0,58
189,0,52
189,1,50
189,1,49
189,0,46
189,0,42
189,0,37
189,0,35
189,1,33
189,0,32
189,1,30
189,0,27
189,1,22
189,1,21
189,1,20
189,1,19
189,0,15
189,0,13
189,1,11
189,1,7
189,1,4
188,0,340
188,0,339
188,0,337
188,0,333
188,0,308
188,0,306
188,0,284
188,0,283
188,0,281
188,0,280
188,0,279
188,0,278
188,0,277
188,0,274
188,0,272
188,0,271
188,0,270
188,0,269
188,0,268
188,0,267
188,0,266
188,0,265
188,0,264
188,0,263
188,0,262
188,0,261
188,0,260
188,0,259
188,0,258
188,0,257
188,0,256
188,0,255
188,0,254
188,0,252
188,0,250
188,0,249
188,0,248
188,0,247
188,0,242
188,0,240
188,0,239
188,0,237
188,0,236
188,0,235
188,0,233
188,0,232
188,0,231
188,0,230
188,0,229
188,0,228
188,0,220
188,0,169
188,0,160
188,0,158
188,0,157
188,0,153
188,0,150
188,0,148
188,0,147
188,0,144
188,0,142
188,0,141
188,0,140
188,0,139
188,0,138
188,0,136
188,0,134
188,0,132
188,0,131
188,0,129
188,0,127
188,0,126
188,0,125
188,0,123
188,0,122
188,0,121
188,0,119
188,0,118
188,0,117
188,0,116
188,0,115
188,0,114
188,0,113
188,0,109
188,0,106
188,0,105
188,0,103
188,0,102
188,0,101
188,0,100
188,0,99
188,0,95
188,0,94
188,0,93
188,0,92
188,0,91
188,0,60
188,0,52
188,0,51
188,1,49
188,0,46
188,0,44
188,1,40
188,1,28
188,0,27
188,1,22
188,0,6
188,1,4
188,1,2
188,1,0
187,0,333
187,0,329
187,0,328
187,1,314
187,0,301
187,0,285
187,0,284
187,0,283
187,0,282
187,0,281
187,0,279
187,0,278
187,0,276
187,0,275
187,0,274
187,0,273
187,0,272
187,0,271
187,0,270
187,0,269
187,0,268
187,0,267
187,0,265
187,0,264
187,0,263
187,0,262
187,0,261
187,0,260
187,0,259
187,0,258
187,0,257
187,0,255
187,0,254
187,0,252
187,0,248
187,0,245
187,0,243
187,0,242
187,0,237
187,0,236
187,0,234
187,0,233
187,0,231
187,0,230
187,0,229
187,0,228
187,0,226
187,0,225
187,0,224
187,0,221
187,0,218
187,0,210
187,0,209
187,0,208
187,0,207
187,0,206
187,0,204
187,0,203
187,0,202
187,0,201
187,0,200
187,0,199
187,0,198
187,0,196
187,0,195
187,0,193
187,0,185
187,0,175
187,0,174
187,0,168
187,0,166
187,0,165
187,0,158
187,0,157
187,0,155
187,0,153
187,0,147
187,0,146
187,0,144
187,0,143
187,0,142
187,0,140
187,0,138
187,0,137
187,0,136
187,0,132
187,0,131
187,0,129
187,0,127
187,0,123
187,0,122
187,0,121
187,0,120
187,0,119
187,0,118
187,0,117
187,0,116
187,0,114
187,0,113
187,0,112
187,0,109
187,0,107
187,0,105
187,0,103
187,0,100
187,0,99
187,0,95
187,0,94
187,0,93
187,0,92
187,0,91
187,0,89
187,0,88
187,0,85
187,0,83
187,0,80
187,0,79
187,0,78
187,0,75
187,0,74
187,0,73
187,0,72
187,0,71
187,0,70
187,0,69
187,0,67
187,0,64
187,0,63
187,0,60
187,0,58
187,1,50
187,1,49
187,0,44
187,1,40
187,0,37
187,0,36
187,1,33
187,1,28
187,1,26
187,1,22
187,1,21
187,1,20
187,1,19
187,1,18
187,1,17
187,0,13
187,1,7
187,0,6
187,1,4
186,0,339
186,0,337
186,0,330
186,0,329
186,0,328
186,1,314
186,0,307
186,0,301
186,1,291
186,0,286
186,0,283
186,0,281
186,0,279
186,0,278
186,0,277
186,0,273
186,0,272
186,0,271
186,0,270
186,0,269
186,0,268
186,0,267
186,0,266
186,0,265
186,0,264
186,0,263
186,0,262
186,0,261
186,0,260
186,0,259
186,0,258
186,0,257
186,0,254
186,0,252
186,0,248
186,0,247
186,0,244
186,0,243
186,0,240
186,0,239
186,0,237
186,0,236
186,0,233
186,0,232
186,0,231
186,0,230
186,0,229
186,0,226
186,0,225
186,0,224
186,0,223
186,0,221
186,0,220
186,0,218
186,0,210
186,0,209
186,0,208
186,0,206
186,0,205
186,0,204
186,0,203
186,0,202
186,0,201
186,0,200
186,0,198
186,0,196
186,0,193
186,0,192
186,0,186
186,1,177
186,0,169
186,0,167
186,0,166
186,1,162
186,0,160
186,0,158
186,0,157
186,0,153
186,0,147
186,0,146
186,0,144
186,0,143
186,0,142
186,0,141
186,0,140
186,0,139
186,0,138
186,0,137
186,0,136
186,0,134
186,0,132
186,0,131
186,0,129
186,0,127
186,0,125
186,0,123
186,0,122
186,0,121
186,0,118
186,0,117
186,0,116
186,0,114
186,0,109
186,0,106
186,0,105
186,0,103
186,0,101
186,0,100
186,0,99
186,0,95
186,0,94
186,0,93
186,0,91
186,0,89
186,0,88
186,0,85
186,0,80
186,0,79
186,0,78
186,0,77
186,0,76
186,0,75
186,0,72
186,0,71
186,0,70
186,0,69
186,0,68
186,0,67
186,0,66
186,0,65
186,0,64
186,0,63
186,0,62
186,0,60
186,0,58
186,1,57
186,1,50
186,1,49
186,0,46
186,0,44
186,1,43
186,1,41
186,1,40
186,1,34
186,1,33
186,0,32
186,1,28
186,0,27
186,1,26
186,1,22
186,1,21
186,0,13
186,1,11
186,1,10
186,1,9
186,1,7
186,1,6
186,1,5
186,1,4
186,1,0
185,0,340
185,0,339
185,0,337
185,0,333
185,0,329
185,0,317
185,0,308
185,0,304
185,0,301
185,0,297
185,0,288
185,0,286
185,0,285
185,0,284
185,0,283
185,0,281
185,0,280
185,0,279
185,0,278
185,0,277
185,0,275
185,0,274
185,0,273
185,0,272
185,0,271
185,0,270
185,0,269
185,0,268
185,0,267
185,0,266
185,0,265
185,0,264
185,0,263
185,0,262
185,0,261
185,0,260
185,0,259
185,0,258
185,0,257
185,0,256
185,0,255
185,0,254
185,0,253
185,0,252
185,0,251
185,0,250
185,0,249
185,0,248
185,0,245
185,0,243
185,0,242
185,0,241
185,0,238
185,0,236
185,0,235
185,0,234
185,0,233
185,0,232
185,0,231
185,0,230
185,0,229
185,0,228
185,0,226
185,0,225
185,0,224
185,0,223
185,0,221
185,0,220
185,0,219
185,0,218
185,0,217
185,0,214
185,0,213
185,0,210
185,0,209
185,0,208
185,0,207
185,0,206
185,0,205
185,0,204
185,0,203
185,0,202
185,0,201
185,0,200
185,0,198
185,0,195
185,0,193
185,0,192
185,0,191
185,0,190
185,0,189
185,0,186
185,0,183
185,0,182
185,0,181
185,0,179
185,1,177
185,1,173
185,0,167
185,0,163
185,1,162
185,1,161
185,0,159
185,0,158
185,0,157
185,0,156
185,0,153
185,0,152
185,0,151
185,0,150
185,0,149
185,0,148
185,0,147
185,0,146
185,0,145
185,0,144
185,0,142
185,0,141
185,0,140
185,0,138
185,0,137
185,0,136
185,0,134
185,0,133
185,0,132
185,0,131
185,0,130
185,0,129
185,0,128
185,0,127
185,0,126
185,0,125
185,0,124
185,0,123
185,0,122
185,0,121
185,0,120
185,0,119
185,0,118
185,0,117
185,0,116
185,0,115
185,0,114
185,0,113
185,0,112
185,0,110
185,0,109
185,0,108
185,0,107
185,0,105
185,0,103
185,0,102
185,0,101
185,0,100
185,0,99
185,0,98
185,0,97
185,0,95
185,0,94
185,0,93
185,0,92
185,0,91
185,0,88
185,0,86
185,0,85
185,0,83
185,0,80
185,0,79
185,0,78
185,0,73
185,0,72
185,0,71
185,0,70
185,0,69
185,0,67
185,0,66
185,0,65
185,0,64
185,0,62
185,0,60
185,0,58
185,0,55
185,0,52
185,1,49
185,0,46
185,0,44
185,0,37
185,0,36
185,0,35
185,0,32
185,1,28
185,0,27
185,0,13
185,1,11
185,0,6
185,1,4
184,0,337
184,0,329
184,0,328
184,0,327
184,1,314
184,0,304
184,0,302
184,0,301
184,0,299
184,0,298
184,0,286
184,0,283
184,0,282
184,0,281
184,0,278
184,0,276
184,0,272
184,0,270
184,0,269
184,0,268
184,0,267
184,0,266
184,0,264
184,0,262
184,0,261
184,0,260
184,0,259
184,0,258
184,0,255
184,0,254
184,0,252
184,0,248
184,0,243
184,0,238
184,0,233
184,0,232
184,0,231
184,0,230
184,0,229
184,0,228
184,0,226
184,0,225
184,0,224
184,0,223
184,0,221
184,0,218
184,0,216
184,0,214
184,0,213
184,0,210
184,0,209
184,0,207
184,0,206
184,0,204
184,0,203
184,0,202
184,0,201
184,0,200
184,0,199
184,0,198
184,0,197
184,0,195
184,0,194
184,0,193
184,0,192
184,0,191
184,0,190
184,0,189
184,0,188
184,0,187
184,0,186
184,0,185
184,0,184
184,0,183
184,0,175
184,0,167
184,0,166
184,0,165
184,1,162
184,0,159
184,0,158
184,0,157
184,0,156
184,0,153
184,0,147
184,0,146
184,0,144
184,0,143
184,0,142
184,0,141
184,0,136
184,0,134
184,0,132
184,0,131
184,0,130
184,0,129
184,0,127
184,0,126
184,0,125
184,0,123
184,0,122
184,0,121
184,0,118
184,0,117
184,0,116
184,0,114
184,0,108
184,0,105
184,0,103
184,0,99
184,0,95
184,0,94
184,0,93
184,0,92
184,0,91
184,0,88
184,0,85
184,0,83
184,0,80
184,0,79
184,0,78
184,0,77
184,0,75
184,0,73
184,0,72
184,0,71
184,0,70
184,0,67
184,0,65
184,0,64
184,0,63
184,0,62
184,0,60
184,0,58
184,0,57
184,0,56
184,1,50
184,1,49
184,0,46
184,1,40
184,0,36
184,1,34
184,1,33
184,0,32
184,1,31
184,1,28
184,1,22
184,1,21
184,1,19
184,0,13
184,1,9
184,1,7
184,1,6
184,1,5
184,1,4
184,1,2
183,0,333
183,0,332
183,0,329
183,0,327
183,1,314
183,0,308
183,0,307
183,0,305
183,0,301
183,0,298
183,0,297
183,0,286
183,0,285
183,0,284
183,0,283
183,0,282
183,0,281
183,0,280
183,0,279
183,0,278
183,0,277
183,0,276
183,0,275
183,0,274
183,0,273
183,0,272
183,0,271
183,0,270
183,0,269
183,0,268
183,0,267
183,0,266
183,0,265
183,0,264
183,0,263
183,0,262
183,0,261
183,0,260
183,0,259
183,0,258
183,0,257
183,0,255
183,0,254
183,0,252
183,0,251
183,0,250
183,0,248
183,0,246
183,0,245
183,0,243
183,0,242
183,0,240
183,0,239
183,0,238
183,0,236
183,0,235
183,0,234
183,0,233
183,0,232
183,0,231
183,0,230
183,0,229
183,0,228
183,0,227
183,0,226
183,0,225
183,0,224
183,0,221
183,0,220
183,0,218
183,0,213
183,0,210
183,0,209
183,0,208
183,0,207
183,0,206
183,0,204
183,0,203
183,0,202
183,0,201
183,0,200
183,0,198
183,0,195
183,0,194
183,0,193
183,0,192
183,0,191
183,0,190
183,0,189
183,0,186
183,0,184
183,0,183
183,1,177
183,0,169
183,0,168
183,0,167
183,0,166
183,1,162
183,0,159
183,0,158
183,0,157
183,0,155
183,0,153
183,0,148
183,0,147
183,0,144
183,0,142
183,0,141
183,0,139
183,0,138
183,0,137
183,0,136
183,0,133
183,0,132
183,0,131
183,0,127
183,0,123
183,0,122
183,0,121
183,0,119
183,0,118
183,0,117
183,0,116
183,0,114
183,0,113
183,0,112
183,0,109
183,0,106
183,0,105
183,0,104
183,0,103
183,0,101
183,0,100
183,0,99
183,0,96
183,0,95
183,0,94
183,0,93
183,0,92
183,0,91
183,0,89
183,0,88
183,0,86
183,0,85
183,0,83
183,0,80
183,0,79
183,0,77
183,0,75
183,0,73
183,0,72
183,0,71
183,0,70
183,0,69
183,0,67
183,0,65
183,0,64
183,0,63
183,0,62
183,0,60
183,0,58
183,0,50
183,1,49
183,0,44
183,0,35
183,1,33
183,1,28
183,0,27
183,1,22
183,1,17
183,0,13
183,1,12
183,1,11
183,1,4
183,1,2
182,0,339
182,0,332
182,0,329
182,0,324
182,0,323
182,0,308
182,0,306
182,0,301
182,1,294
182,1,289
182,0,288
182,0,286
182,0,285
182,0,284
182,0,283
182,0,281
182,0,280
182,0,279
182,0,278
182,0,274
182,0,272
182,0,271
182,0,270
182,0,269
182,0,268
182,0,267
182,0,266
182,0,265
182,0,264
182,0,263
182,0,262
182,0,261
182,0,260
182,0,259
182,0,258
182,0,257
182,0,256
182,0,255
182,0,254
182,0,253
182,0,252
182,0,250
182,0,249
182,0,248
182,0,242
182,0,238
182,0,237
182,0,236
182,0,234
182,0,233
182,0,232
182,0,231
182,0,230
182,0,229
182,0,228
182,0,226
182,0,225
182,0,224
182,0,223
182,0,221
182,0,220
182,0,218
182,0,217
182,0,210
182,0,207
182,0,206
182,0,203
182,0,202
182,0,201
182,0,200
182,0,198
182,0,197
182,0,195
182,0,193
182,0,192
182,0,186
182,0,183
182,0,182
182,0,179
182,1,177
182,1,173
182,1,163
182,1,162
182,1,161
182,0,159
182,0,158
182,0,157
182,0,156
182,0,154
182,0,153
182,0,151
182,0,150
182,0,148
182,0,147
182,0,146
182,0,144
182,0,143
182,0,142
182,0,141
182,0,140
182,0,138
182,0,137
182,0,136
182,0,135
182,0,134
182,0,133
182,0,132
182,0,131
182,0,129
182,0,127
182,0,126
182,0,125
182,0,123
182,0,121
182,0,120
182,0,118
182,0,117
182,0,116
182,0,114
182,0,112
182,0,109
182,0,108
182,0,107
182,0,105
182,0,103
182,0,101
182,0,100
182,0,99
182,0,96
182,0,95
182,0,94
182,0,93
182,0,92
182,0,91
182,0,89
182,0,88
182,0,85
182,0,79
182,0,78
182,0,77
182,0,76
182,0,74
182,0,73
182,0,72
182,0,71
182,0,70
182,0,69
182,0,67
182,0,65
182,0,64
182,0,63
182,0,62
182,0,61
182,0,60
182,0,58
182,0,55
182,0,54
182,0,51
182,1,49
182,0,46
182,0,44
182,1,40
182,0,39
182,0,37
182,1,34
182,1,33
182,0,32
182,0,29
182,1,28
182,0,27
182,1,22
182,1,19
182,1,17
182,1,11
182,1,4
181,0,333
181,0,332
181,0,329
181,0,325
181,1,314
181,0,313
181,0,308
181,0,307
181,0,301
181,0,298
181,0,286
181,0,283
181,0,281
181,0,279
181,0,278
181,0,277
181,0,276
181,0,274
181,0,272
181,0,271
181,0,270
181,0,269
181,0,268
181,0,267
181,0,264
181,0,262
181,0,258
181,0,254
181,0,252
181,0,248
181,0,243
181,0,242
181,0,239
181,0,238
181,0,237
181,0,236
181,0,234
181,0,232
181,0,231
181,0,230
181,0,229
181,0,228
181,0,226
181,0,225
181,0,224
181,0,223
181,0,222
181,0,221
181,0,220
181,0,218
181,0,216
181,0,214
181,0,213
181,0,210
181,0,209
181,0,208
181,0,207
181,0,206
181,0,204
181,0,203
181,0,202
181,0,201
181,0,200
181,0,198
181,0,197
181,0,195
181,0,193
181,0,192
181,0,189
181,0,186
181,0,174
181,0,167
181,1,162
181,0,159
181,0,158
181,0,157
181,0,153
181,0,148
181,0,147
181,0,146
181,0,144
181,0,143
181,0,142
181,0,141
181,0,140
181,0,136
181,0,134
181,0,132
181,0,131
181,0,127
181,0,125
181,0,123
181,0,122
181,0,121
181,0,118
181,0,116
181,0,105
181,0,103
181,0,101
181,0,99
181,0,97
181,0,96
181,0,95
181,0,94
181,0,93
181,0,92
181,0,91
181,0,90
181,0,89
181,0,88
181,0,86
181,0,85
181,0,83
181,0,81
181,0,80
181,0,79
181,0,78
181,0,77
181,0,76
181,0,74
181,0,73
181,0,72
181,0,71
181,0,70
181,0,67
181,0,66
181,0,65
181,0,64
181,0,62
181,0,61
181,0,60
181,0,58
181,1,49
181,0,46
181,0,44
181,1,41
181,1,40
181,1,33
181,0,32
181,1,30
181,1,28
181,1,22
181,1,21
181,1,17
181,1,11
181,1,9
181,1,7
181,1,4
181,1,0
180,0,339
180,0,335
180,0,334
180,0,333
180,0,332
180,0,330
180,0,329
180,0,328
180,0,327
180,0,326
180,0,313
180,0,312
180,0,308
180,0,304
180,0,301
180,0,298
180,0,297
180,0,286
180,0,284
180,0,283
180,0,281
180,0,279
180,0,278
180,0,277
180,0,276
180,0,275
180,0,274
180,0,273
180,0,272
180,0,271
180,0,270
180,0,269
180,0,268
180,0,267
180,0,266
180,0,265
180,0,264
180,0,263
180,0,262
180,0,261
180,0,260
180,0,259
180,0,258
180,0,257
180,0,255
180,0,254
180,0,252
180,0,251
180,0,250
180,0,248
180,0,245
180,0,243
180,0,242
180,0,239
180,0,238
180,0,237
180,0,236
180,0,235
180,0,234
180,0,233
180,0,232
180,0,230
180,0,229
180,0,228
180,0,227
180,0,226
180,0,225
180,0,224
180,0,223
180,0,221
180,0,220
180,0,218
180,0,217
180,0,216
180,0,214
180,0,213
180,0,212
180,0,210
180,0,209
180,0,207
180,0,206
180,0,204
180,0,203
180,0,202
180,0,201
180,0,200
180,0,199
180,0,198
180,0,197
180,0,196
180,0,194
180,0,193
180,0,192
180,0,191
180,0,190
180,0,189
180,0,188
180,0,187
180,0,186
180,0,185
180,0,184
180,0,183
180,0,175
180,0,167
180,0,166
180,0,165
180,0,164
180,0,159
180,0,158
180,0,157
180,0,154
180,0,153
180,0,150
180,0,147
180,0,146
180,0,144
180,0,143
180,0,141
180,0,140
180,0,138
180,0,137
180,0,136
180,0,135
180,0,134
180,0,132
180,0,131
180,0,128
180,0,127
180,0,125
180,0,124
180,0,123
180,0,122
180,0,121
180,0,119
180,0,118
180,0,117
180,0,116
180,0,115
180,0,114
180,0,109
180,0,105
180,0,103
180,0,101
180,0,100
180,0,99
180,0,98
180,0,97
180,0,96
180,0,95
180,0,94
180,0,93
180,0,92
180,0,91
180,0,90
180,0,89
180,0,88
180,0,86
180,0,85
180,0,83
180,0,82
180,0,81
180,0,80
180,0,79
180,0,78
180,0,76
180,0,75
180,0,74
180,0,73
180,0,72
180,0,71
180,0,70
180,0,69
180,0,67
180,0,65
180,0,64
180,0,63
180,0,62
180,0,61
180,0,60
180,0,59
180,0,58
180,0,57
180,0,56
180,0,48
180,0,46
180,0,44
180,0,42
180,1,40
180,0,37
180,1,33
180,0,32
180,1,30
180,0,27
180,1,22
180,1,21
180,1,17
180,0,16
180,0,14
180,0,13
180,1,11
180,1,7
180,0,6
180,1,4
180,0,3
180,1,2
179,0,337
179,0,333
179,0,329
179,0,328
179,0,325
179,0,324
179,0,323
179,0,321
179,0,318
179,0,317
179,0,308
179,0,307
179,0,306
179,0,305
179,0,301
179,0,300
179,0,298
179,0,297
179,0,288
179,0,287
179,0,286
179,0,285
179,0,284
179,0,283
179,0,281
179,0,280
179,0,278
179,0,276
179,0,274
179,0,272
179,0,271
179,0,270
179,0,269
179,0,268
179,0,267
179,0,266
179,0,265
179,0,264
179,0,263
179,0,262
179,0,258
179,0,257
179,0,256
179,0,255
179,0,254
179,0,252
179,0,251
179,0,248
179,0,243
179,0,242
179,0,238
179,0,237
179,0,236
179,0,233
179,0,232
179,0,231
179,0,230
179,0,229
179,0,228
179,0,227
179,0,226
179,0,225
179,0,224
179,0,223
179,0,221
179,0,218
179,0,214
179,0,210
179,0,209
179,0,208
179,0,206
179,0,205
179,0,204
179,0,203
179,0,202
179,0,201
179,0,200
179,0,199
179,0,198
179,0,196
179,0,195
179,0,193
179,0,192
179,0,190
179,0,189
179,0,186
179,0,184
179,0,183
179,0,182
179,0,181
179,0,179
179,1,177
179,0,175
179,0,172
179,0,167
179,1,162
179,0,158
179,0,157
179,0,156
179,0,153
179,0,147
179,0,144
179,0,143
179,0,142
179,0,141
179,0,140
179,0,136
179,0,134
179,0,132
179,0,131
179,0,130
179,0,129
179,0,127
179,0,126
179,0,125
179,0,123
179,0,122
179,0,121
179,0,118
179,0,116
179,0,112
179,0,109
179,0,108
179,0,103
179,0,100
179,0,99
179,0,98
179,0,97
179,0,96
179,0,95
179,0,94
179,0,93
179,0,92
179,0,91
179,0,88
179,0,86
179,0,85
179,0,80
179,0,79
179,0,78
179,0,76
179,0,75
179,0,73
179,0,72
179,0,71
179,0,70
179,0,68
179,0,65
179,0,64
179,0,63
179,0,62
179,0,60
179,0,58
179,0,57
179,0,55
179,0,54
179,1,50
179,1,49
179,0,46
179,1,45
179,0,44
179,1,34
179,0,32
179,1,22
179,1,21
179,1,20
179,0,15
179,0,13
179,1,11
179,1,7
179,1,6
179,1,4
179,1,0
178,0,333
178,0,329
178,0,328
178,0,327
178,0,308
178,0,305
178,0,304
178,0,301
178,0,298
178,0,297
178,0,261
178,0,254
178,0,252
178,0,250
178,0,247
178,0,245
178,0,243
178,0,242
178,0,240
178,0,239
178,0,237
178,0,235
178,0,232
178,0,230
178,0,229
178,0,228
178,0,226
178,0,225
178,0,224
178,0,223
178,0,222
178,0,221
178,0,220
178,0,218
178,0,213
178,0,210
178,0,209
178,0,208
178,0,207
178,0,206
178,0,204
178,0,203
178,0,202
178,0,201
178,0,200
178,0,198
178,0,197
178,0,195
178,0,194
178,0,193
178,0,192
178,0,190
178,0,189
178,0,188
178,0,186
178,0,184
178,0,183
178,0,175
178,0,166
178,1,162
178,0,134
178,0,127
178,0,121
178,0,117
178,0,110
178,0,105
178,0,103
178,0,100
178,0,99
178,0,97
178,0,95
178,0,92
178,0,91
178,0,88
178,0,86
178,0,85
178,0,83
178,0,80
178,0,79
178,0,78
178,0,75
178,0,73
178,0,72
178,0,71
178,0,70
178,0,69
178,0,67
178,0,65
178,0,64
178,0,62
178,0,60
178,0,58
178,1,41
178,0,39
178,1,33
178,0,32
178,1,31
178,1,29
178,1,28
178,1,24
178,1,22
178,1,21
178,0,13
178,1,11
178,1,10
178,1,6
177,0,301
177,0,286
177,0,284
177,0,281
177,0,280
177,0,278
177,0,277
177,0,276
177,0,275
177,0,274
177,0,273
177,0,272
177,0,271
177,0,270
177,0,269
177,0,268
177,0,267
177,0,265
177,0,264
177,0,263
177,0,262
177,0,261
177,0,260
177,0,259
177,0,258
177,0,257
177,0,256
177,0,255
177,0,254
177,0,253
177,0,252
177,0,250
177,0,248
177,0,243
177,0,242
177,0,238
177,0,237
177,0,236
177,0,233
177,0,230
177,0,229
177,0,228
177,0,226
177,0,225
177,0,224
177,0,223
177,0,221
177,0,220
177,0,218
177,0,210
177,0,207
177,0,206
177,0,204
177,0,203
177,0,202
177,0,200
177,0,198
177,0,196
177,0,193
177,0,192
177,0,191
177,0,186
177,0,183
177,1,177
177,0,167
177,0,166
177,1,163
177,1,162
177,1,161
177,0,159
177,0,158
177,0,157
177,0,156
177,0,148
177,0,147
177,0,146
177,0,144
177,0,143
177,0,142
177,0,141
177,0,140
177,0,138
177,0,137
177,0,136
177,0,135
177,0,134
177,0,133
177,0,132
177,0,131
177,0,129
177,0,128
177,0,127
177,0,125
177,0,123
177,0,122
177,0,121
177,0,119
177,0,118
177,0,117
177,0,116
177,0,115
177,0,109
177,0,105
177,0,103
177,0,101
177,0,100
177,0,99
177,0,95
177,0,94
177,0,91
177,0,89
177,0,88
177,0,85
177,0,83
177,0,80
177,0,79
177,0,71
177,0,70
177,0,69
177,0,67
177,0,65
177,0,64
177,0,62
177,0,60
177,0,58
177,1,50
177,1,49
177,0,46
177,0,44
177,1,40
177,0,37
177,1,33
177,0,32
177,1,30
177,1,28
177,1,26
177,1,24
177,1,22
177,1,21
177,1,20
177,1,19
177,1,17
177,1,12
177,1,11
177,1,9
177,1,7
177,1,4
177,1,2
177,1,0
176,0,332
176,0,331
176,0,329
176,0,303
176,0,302
176,0,301
176,0,298
176,0,297
176,1,291
176,0,286
176,0,280
176,0,261
176,0,254
176,0,252
176,0,247
176,0,240
176,0,239
176,0,238
176,0,237
176,0,236
176,0,234
176,0,233
176,0,231
176,0,230
176,0,229
176,0,228
176,0,226
176,0,225
176,0,224
176,0,223
176,0,222
176,0,221
176,0,220
176,0,218
176,0,214
176,0,213
176,0,211
176,0,210
176,0,209
176,0,208
176,0,207
176,0,206
176,0,205
176,0,204
176,0,203
176,0,202
176,0,201
176,0,200
176,0,198
176,0,196
176,0,195
176,0,193
176,0,192
176,0,189
176,0,186
176,0,183
176,0,166
176,0,165
176,1,161
176,0,160
176,0,127
176,0,122
176,0,121
176,0,118
176,0,117
176,0,107
176,0,106
176,0,105
176,0,100
176,0,99
176,0,95
176,0,94
176,0,93
176,0,92
176,0,91
176,0,88
176,0,85
176,0,83
176,0,81
176,0,80
176,0,79
176,0,78
176,0,77
176,0,76
176,0,75
176,0,74
176,0,73
176,0,71
176,0,70
176,0,69
176,0,68
176,0,67
176,0,66
176,0,65
176,0,64
176,0,63
176,0,62
176,0,60
176,0,58
176,0,44
176,0,39
176,0,36
176,1,33
176,1,30
176,1,28
176,0,27
176,1,26
176,1,22
176,1,21
176,0,13
176,1,11
176,1,10
176,1,9
176,1,7
176,1,6
176,1,5
175,0,333
175,0,329
175,0,327
175,0,325
175,0,301
175,0,298
175,0,297
175,0,294
175,0,286
175,0,268
175,0,267
175,0,266
175,0,265
175,0,264
175,0,263
175,0,262
175,0,261
175,0,260
175,0,259
175,0,258
175,0,255
175,0,254
175,0,252
175,0,251
175,0,250
175,0,248
175,0,238
175,0,236
175,0,232
175,0,230
175,0,229
175,0,228
175,0,226
175,0,225
175,0,224
175,0,223
175,0,221
175,0,218
175,1,215
175,0,213
175,0,210
175,0,209
175,0,208
175,0,206
175,0,204
175,0,203
175,0,202
175,0,201
175,0,200
175,0,198
175,0,197
175,0,195
175,0,194
175,0,193
175,0,192
175,0,191
175,0,190
175,0,189
175,0,187
175,0,186
175,0,184
175,0,183
175,0,167
175,0,166
175,0,147
175,0,146
175,0,144
175,0,143
175,0,142
175,0,141
175,0,138
175,0,137
175,0,136
175,0,135
175,0,134
175,0,132
175,0,131
175,0,130
175,0,129
175,0,127
175,0,126
175,0,125
175,0,122
175,0,121
175,0,118
175,0,116
175,0,114
175,0,112
175,0,107
175,0,100
175,0,98
175,0,97
175,0,95
175,0,92
175,0,91
175,0,89
175,0,88
175,1,84
175,0,80
175,0,79
175,0,78
175,0,76
175,0,74
175,0,73
175,0,71
175,0,70
175,0,69
175,0,67
175,0,65
175,0,64
175,0,63
175,0,62
175,0,60
175,0,57
175,0,46
175,1,33
175,1,28
175,1,19
175,0,16
175,1,11
174,0,333
174,0,332
174,0,331
174,0,329
174,0,311
174,0,310
174,0,301
174,0,298
174,0,297
174,1,296
174,1,291
174,0,286
174,0,252
174,0,247
174,0,242
174,0,240
174,0,239
174,0,238
174,0,237
174,0,236
174,0,234
174,0,233
174,0,232
174,0,230
174,0,229
174,0,228
174,0,226
174,0,225
174,0,224
174,0,223
174,0,222
174,0,221
174,0,220
174,0,219
174,0,218
174,0,215
174,0,214
174,0,212
174,0,209
174,0,207
174,0,203
174,0,202
174,0,201
174,0,200
174,0,198
174,0,195
174,0,194
174,0,193
174,0,192
174,0,190
174,0,189
174,0,186
174,0,183
174,0,167
174,1,163
174,1,162
174,0,140
174,0,127
174,0,121
174,0,118
174,0,117
174,0,109
174,0,107
174,0,106
174,0,105
174,0,103
174,0,100
174,0,99
174,0,98
174,0,96
174,0,95
174,0,94
174,0,93
174,0,92
174,0,91
174,0,89
174,0,88
174,0,86
174,0,85
174,0,84
174,0,83
174,0,82
174,0,81
174,0,80
174,0,79
174,0,78
174,0,73
174,0,72
174,0,71
174,0,70
174,0,69
174,0,67
174,0,66
174,0,65
174,0,64
174,0,63
174,0,62
174,0,60
174,0,58
174,0,44
174,1,33
174,0,27
174,1,22
174,1,21
174,1,12
174,1,11
174,1,10
174,1,9
174,1,7
174,1,6
174,1,5
173,0,339
173,0,333
173,0,329
173,0,328
173,0,307
173,0,303
173,0,302
173,0,301
173,0,286
173,0,278
173,0,274
173,0,272
173,0,270
173,0,269
173,0,268
173,0,267
173,0,265
173,0,264
173,0,262
173,0,261
173,0,260
173,0,259
173,0,258
173,0,257
173,0,254
173,0,252
173,0,250
173,0,248
173,0,243
173,0,239
173,0,238
173,0,236
173,0,235
173,0,233
173,0,232
173,0,231
173,0,230
173,0,229
173,0,228
173,0,226
173,0,225
173,0,224
173,0,223
173,0,222
173,0,221
173,0,220
173,0,218
173,0,217
173,0,214
173,0,212
173,0,210
173,0,209
173,0,208
173,0,206
173,0,204
173,0,203
173,0,202
173,0,201
173,0,200
173,0,199
173,0,198
173,0,197
173,0,196
173,0,193
173,0,192
173,0,186
173,0,184
173,0,183
173,0,167
173,1,163
173,0,159
173,0,158
173,0,157
173,0,147
173,0,146
173,0,144
173,0,143
173,0,142
173,0,138
173,0,136
173,0,135
173,0,134
173,0,133
173,0,132
173,0,131
173,0,127
173,0,123
173,0,121
173,0,118
173,0,117
173,0,116
173,0,105
173,0,103
173,0,100
173,0,99
173,0,96
173,0,95
173,0,94
173,0,93
173,0,92
173,0,91
173,0,88
173,0,86
173,0,85
173,0,83
173,0,82
173,0,81
173,0,80
173,0,79
173,0,78
173,0,77
173,0,73
173,0,72
173,0,71
173,0,70
173,0,67
173,0,65
173,0,64
173,0,63
173,0,62
173,0,60
173,0,58
173,0,52
173,1,49
173,0,46
173,0,44
173,0,42
173,1,40
173,0,37
173,0,35
173,1,34
173,1,33
173,0,32
173,1,26
173,1,22
173,1,21
173,1,20
173,1,11
173,1,9
173,1,7
173,1,5
173,1,4
173,1,2
172,0,339
172,0,332
172,0,330
172,0,329
172,0,328
172,0,327
172,0,325
172,0,313
172,0,312
172,0,308
172,0,307
172,0,306
172,0,304
172,0,302
172,0,301
172,0,285
172,0,284
172,0,283
172,0,281
172,0,280
172,0,279
172,0,278
172,0,277
172,0,276
172,0,272
172,0,271
172,0,270
172,0,269
172,0,268
172,0,267
172,0,266
172,0,265
172,0,264
172,0,263
172,0,262
172,0,261
172,0,260
172,0,259
172,0,258
172,0,257
172,0,256
172,0,255
172,0,254
172,0,253
172,0,252
172,0,251
172,0,250
172,0,249
172,0,248
172,0,243
172,0,241
172,0,238
172,0,237
172,0,236
172,0,235
172,0,234
172,0,233
172,0,232
172,0,231
172,0,230
172,0,229
172,0,228
172,0,227
172,0,226
172,0,225
172,0,224
172,0,223
172,0,221
172,0,220
172,0,218
172,0,217
172,0,214
172,0,213
172,0,211
172,0,210
172,0,209
172,0,208
172,0,207
172,0,206
172,0,204
172,0,203
172,0,202
172,0,201
172,0,200
172,0,198
172,0,197
172,0,196
172,0,195
172,0,193
172,0,192
172,0,190
172,0,188
172,0,186
172,0,185
172,0,184
172,0,183
172,1,177
172,0,175
172,0,174
172,0,167
172,0,166
172,1,162
172,1,161
172,0,159
172,0,158
172,0,157
172,0,155
172,0,150
172,0,148
172,0,147
172,0,146
172,0,144
172,0,143
172,0,142
172,0,141
172,0,140
172,0,138
172,0,136
172,0,135
172,0,134
172,0,132
172,0,131
172,0,129
172,0,128
172,0,127
172,0,125
172,0,123
172,0,122
172,0,121
172,0,119
172,0,118
172,0,116
172,0,114
172,0,113
172,0,112
172,0,109
172,0,108
172,0,107
172,0,105
172,0,103
172,0,101
172,0,100
172,0,99
172,0,96
172,0,95
172,0,94
172,0,93
172,0,92
172,0,91
172,0,90
172,0,89
172,0,88
172,0,86
172,0,85
172,0,83
172,0,80
172,0,79
172,0,78
172,0,77
172,0,76
172,0,75
172,0,73
172,0,72
172,0,71
172,0,70
172,0,67
172,0,65
172,0,64
172,0,63
172,0,62
172,0,60
172,0,58
172,1,49
172,0,48
172,0,47
172,0,46
172,0,44
172,0,42
172,0,39
172,0,37
172,0,36
172,0,35
172,0,32
172,0,27
172,1,19
172,0,16
172,0,14
172,0,13
172,1,11
172,1,10
172,0,6
172,1,4
171,0,339
171,0,333
171,0,329
171,0,328
171,1,314
171,0,308
171,0,307
171,0,306
171,0,304
171,0,301
171,0,300
171,0,298
171,0,297
171,0,286
171,0,285
171,0,284
171,0,283
171,0,282
171,0,281
171,0,280
171,0,279
171,0,278
171,0,277
171,0,276
171,0,275
171,0,274
171,0,273
171,0,272
171,0,271
171,0,270
171,0,269
171,0,268
171,0,267
171,0,266
171,0,265
171,0,264
171,0,263
171,0,262
171,0,261
171,0,260
171,0,259
171,0,258
171,0,257
171,0,255
171,0,254
171,0,253
171,0,252
171,0,251
171,0,250
171,0,249
171,0,248
171,0,245
171,0,243
171,0,242
171,0,241
171,0,238
171,0,236
171,0,234
171,0,233
171,0,232
171,0,231
171,0,230
171,0,229
171,0,228
171,0,226
171,0,225
171,0,224
171,0,223
171,0,221
171,0,220
171,0,218
171,0,213
171,0,211
171,0,210
171,0,209
171,0,208
171,0,207
171,0,206
171,0,205
171,0,204
171,0,203
171,0,202
171,0,201
171,0,200
171,0,198
171,0,197
171,0,193
171,0,192
171,0,190
171,0,189
171,0,186
171,0,184
171,0,183
171,0,175
171,0,168
171,0,167
171,0,166
171,1,162
171,1,161
171,0,158
171,0,157
171,0,156
171,0,153
171,0,151
171,0,149
171,0,148
171,0,147
171,0,146
171,0,144
171,0,142
171,0,140
171,0,137
171,0,136
171,0,134
171,0,133
171,0,132
171,0,131
171,0,130
171,0,129
171,0,127
171,0,126
171,0,123
171,0,122
171,0,121
171,0,120
171,0,119
171,0,118
171,0,117
171,0,116
171,0,114
171,0,113
171,0,112
171,0,109
171,0,108
171,0,107
171,0,105
171,0,103
171,0,102
171,0,100
171,0,99
171,0,97
171,0,95
171,0,94
171,0,93
171,0,92
171,0,91
171,0,90
171,0,89
171,0,88
171,0,86
171,0,85
171,0,83
171,0,80
171,0,79
171,0,78
171,0,76
171,0,75
171,0,73
171,0,72
171,0,71
171,0,70
171,0,69
171,0,68
171,0,67
171,0,65
171,0,64
171,0,63
171,0,62
171,0,60
171,0,58
171,0,53
171,0,52
171,0,51
171,1,49
171,0,48
171,0,46
171,0,44
171,0,42
171,0,37
171,0,36
171,0,35
171,1,33
171,0,15
171,0,13
171,1,11
171,1,10
170,0,333
170,1,314
170,0,301
170,0,298
170,1,291
170,0,286
170,0,285
170,0,284
170,0,283
170,0,281
170,0,279
170,0,278
170,0,277
170,0,272
170,0,271
170,0,270
170,0,268
170,0,267
170,0,263
170,0,262
170,0,261
170,0,260
170,0,259
170,0,258
170,0,257
170,0,256
170,0,255
170,0,254
170,0,252
170,0,250
170,0,248
170,0,243
170,0,242
170,0,238
170,0,237
170,0,236
170,0,232
170,0,231
170,0,230
170,0,229
170,0,228
170,0,226
170,0,225
170,0,224
170,0,223
170,0,221
170,0,220
170,0,218
170,0,213
170,0,210
170,0,206
170,0,203
170,0,202
170,0,201
170,0,200
170,0,198
170,0,193
170,0,192
170,0,189
170,0,186
170,0,183
170,1,177
170,0,167
170,0,166
170,1,162
170,1,161
170,0,158
170,0,157
170,0,156
170,0,148
170,0,147
170,0,146
170,0,144
170,0,143
170,0,142
170,0,141
170,0,140
170,0,137
170,0,136
170,0,135
170,0,132
170,0,131
170,0,129
170,0,128
170,0,127
170,0,126
170,0,125
170,0,123
170,0,122
170,0,121
170,0,118
170,0,116
170,0,114
170,0,109
170,0,108
170,0,105
170,0,103
170,0,101
170,0,100
170,0,99
170,0,95
170,0,94
170,0,93
170,0,92
170,0,91
170,0,88
170,0,86
170,0,85
170,0,80
170,0,79
170,0,78
170,0,73
170,0,71
170,0,69
170,0,67
170,0,65
170,0,64
170,0,63
170,0,62
170,0,60
170,0,58
170,1,50
170,1,49
170,0,44
170,1,34
170,1,33
170,1,28
170,1,22
170,1,21
170,1,20
170,1,19
170,1,11
170,1,10
170,1,9
170,1,7
170,1,6
170,1,5
170,1,4
170,0,3
170,1,2
170,1,0
169,0,337
169,0,329
169,0,326
169,0,304
169,1,302
169,0,297
169,0,286
169,0,285
169,0,284
169,0,283
169,0,282
169,0,281
169,0,279
169,0,278
169,0,276
169,0,274
169,0,272
169,0,270
169,0,269
169,0,268
169,0,267
169,0,266
169,0,265
169,0,264
169,0,262
169,0,261
169,0,260
169,0,259
169,0,258
169,0,257
169,0,255
169,0,254
169,0,253
169,0,252
169,0,250
169,0,249
169,0,248
169,0,243
169,0,242
169,0,238
169,0,236
169,0,235
169,0,233
169,0,232
169,0,231
169,0,230
169,0,229
169,0,228
169,0,227
169,0,226
169,0,225
169,0,224
169,0,223
169,0,221
169,0,220
169,0,218
169,0,217
169,0,213
169,0,212
169,0,207
169,0,204
169,0,203
169,0,202
169,0,201
169,0,200
169,0,198
169,0,193
169,0,192
169,0,190
169,0,189
169,0,188
169,0,186
169,0,184
169,0,183
169,1,177
169,0,167
169,1,162
169,0,159
169,0,158
169,0,157
169,0,152
169,0,151
169,0,148
169,0,147
169,0,146
169,0,144
169,0,143
169,0,142
169,0,138
169,0,136
169,0,135
169,0,134
169,0,133
169,0,132
169,0,131
169,0,127
169,0,123
169,0,122
169,0,121
169,0,119
169,0,118
169,0,116
169,0,114
169,0,113
169,0,112
169,0,111
169,0,109
169,0,107
169,0,105
169,0,103
169,0,100
169,0,99
169,0,98
169,0,97
169,0,96
169,0,95
169,0,93
169,0,92
169,0,91
169,0,89
169,0,88
169,0,86
169,0,85
169,0,80
169,0,79
169,0,78
169,0,71
169,0,70
169,0,67
169,0,66
169,0,65
169,0,64
169,0,63
169,0,62
169,0,60
169,0,58
169,0,52
169,0,51
169,0,50
169,0,46
169,0,44
169,1,41
169,1,39
169,0,37
169,0,35
169,0,32
169,1,28
169,0,27
169,0,26
169,1,24
169,1,17
169,0,16
169,0,14
169,1,11
169,1,10
169,1,4
169,1,0
168,0,340
168,0,339
168,0,329
168,1,314
168,0,310
168,0,308
168,0,306
168,0,305
168,0,304
168,0,301
168,0,286
168,0,284
168,0,281
168,0,280
168,0,279
168,0,278
168,0,276
168,0,274
168,0,272
168,0,271
168,0,270
168,0,269
168,0,267
168,0,265
168,0,264
168,0,263
168,0,262
168,0,261
168,0,260
168,0,259
168,0,258
168,0,257
168,0,255
168,0,254
168,0,252
168,0,248
168,0,247
168,0,246
168,0,243
168,0,242
168,0,240
168,0,239
168,0,238
168,0,237
168,0,236
168,0,234
168,0,233
168,0,231
168,0,230
168,0,229
168,0,228
168,0,227
168,0,226
168,0,225
168,0,223
168,0,221
168,0,218
168,1,216
168,0,210
168,0,209
168,0,208
168,0,206
168,0,204
168,0,203
168,0,202
168,0,201
168,0,200
168,0,198
168,0,195
168,0,193
168,0,192
168,0,190
168,0,183
168,1,177
168,0,174
168,0,169
168,0,168
168,0,167
168,0,166
168,0,165
168,1,162
168,1,161
168,0,160
168,0,158
168,0,157
168,0,148
168,0,147
168,0,146
168,0,144
168,0,142
168,0,140
168,0,139
168,0,138
168,0,137
168,0,136
168,0,135
168,0,134
168,0,132
168,0,131
168,0,127
168,0,123
168,0,121
168,0,118
168,0,117
168,0,116
168,0,114
168,0,112
168,0,109
168,0,106
168,0,105
168,0,104
168,0,103
168,0,99
168,0,95
168,0,94
168,0,93
168,0,91
168,0,88
168,0,85
168,1,82
168,0,80
168,0,79
168,0,78
168,0,77
168,0,75
168,0,73
168,0,72
168,0,71
168,0,70
168,0,69
168,0,67
168,0,64
168,0,62
168,0,60
168,0,58
168,0,51
168,1,49
168,0,44
168,0,42
168,1,34
168,1,33
168,0,32
168,0,31
168,1,22
168,1,20
168,1,19
168,1,17
168,0,13
168,1,11
168,1,7
168,1,4
168,0,3
168,1,2
168,1,0
167,0,340
167,0,337
167,0,333
167,0,330
167,0,329
167,0,328
167,0,316
167,0,308
167,0,307
167,0,306
167,0,304
167,0,297
167,0,286
167,0,285
167,0,284
167,0,283
167,0,282
167,0,281
167,0,280
167,0,279
167,0,278
167,0,276
167,0,274
167,0,272
167,0,271
167,0,270
167,0,269
167,0,268
167,0,267
167,0,266
167,0,265
167,0,264
167,0,263
167,0,262
167,0,261
167,0,260
167,0,259
167,0,258
167,0,255
167,0,254
167,0,252
167,0,250
167,0,249
167,0,248
167,0,243
167,0,242
167,0,238
167,0,237
167,0,236
167,0,235
167,0,234
167,0,233
167,0,232
167,0,231
167,0,230
167,0,229
167,0,228
167,0,226
167,0,225
167,0,224
167,0,223
167,0,221
167,0,220
167,0,218
167,0,210
167,0,209
167,0,208
167,0,207
167,0,206
167,0,204
167,0,203
167,0,202
167,0,201
167,0,200
167,0,198
167,0,197
167,0,193
167,0,192
167,0,189
167,0,188
167,0,186
167,0,183
167,0,175
167,0,166
167,1,162
167,1,161
167,0,159
167,0,158
167,0,157
167,0,156
167,0,153
167,0,152
167,0,151
167,0,150
167,0,149
167,0,148
167,0,147
167,0,146
167,0,144
167,0,143
167,0,142
167,0,141
167,0,140
167,0,136
167,0,135
167,0,134
167,0,132
167,0,131
167,0,130
167,0,129
167,0,128
167,0,127
167,0,126
167,0,125
167,0,123
167,0,122
167,0,121
167,0,119
167,0,118
167,0,117
167,0,116
167,0,115
167,0,114
167,0,110
167,0,109
167,0,108
167,0,105
167,0,103
167,0,100
167,0,99
167,0,97
167,0,96
167,0,95
167,0,94
167,0,93
167,0,92
167,0,91
167,0,89
167,0,88
167,0,86
167,0,85
167,0,83
167,0,80
167,0,79
167,0,78
167,0,73
167,0,72
167,0,71
167,0,70
167,0,69
167,0,67
167,0,65
167,0,64
167,0,63
167,0,62
167,0,60
167,0,58
167,1,49
167,0,46
167,0,44
167,1,40
167,0,37
167,0,36
167,0,35
167,1,33
167,0,32
167,1,28
167,0,27
167,1,19
167,1,17
167,0,16
167,0,14
167,0,13
167,1,11
167,1,10
167,1,9
167,1,4
167,0,3
166,0,306
166,1,289
166,0,286
166,0,254
166,0,242
166,0,240
166,0,239
166,0,238
166,0,237
166,0,235
166,0,230
166,0,229
166,0,228
166,0,225
166,0,224
166,0,223
166,0,222
166,0,221
166,0,218
166,0,209
166,0,207
166,0,204
166,0,202
166,0,201
166,0,200
166,0,198
166,0,196
166,0,193
166,0,192
166,0,190
166,0,186
166,0,183
166,1,177
166,1,173
166,1,171
166,1,163
166,1,162
166,1,161
166,0,119
166,0,118
166,0,106
166,0,105
166,0,103
166,0,100
166,0,99
166,0,98
166,0,96
166,0,95
166,0,92
166,0,91
166,0,88
166,0,86
166,0,85
166,0,83
166,0,81
166,0,80
166,0,79
166,1,78
166,0,73
166,0,70
166,0,67
166,0,65
166,0,62
166,0,60
166,0,58
166,0,57
166,0,44
166,1,43
166,0,39
166,1,22
166,1,19
166,1,17
166,1,12
166,1,11
166,1,10
166,1,9
166,1,7
166,1,4
166,1,3
166,1,2
166,1,0
165,0,342
165,0,341
165,0,340
165,0,339
165,0,337
165,0,329
165,0,315
165,0,305
165,0,304
165,0,301
165,1,291
165,0,286
165,0,284
165,0,283
165,0,282
165,0,281
165,0,280
165,0,279
165,0,278
165,0,276
165,0,275
165,0,274
165,0,273
165,0,272
165,0,271
165,0,270
165,0,269
165,0,268
165,0,267
165,0,266
165,0,265
165,0,264
165,0,263
165,0,262
165,0,261
165,0,260
165,0,259
165,0,258
165,0,257
165,0,256
165,0,255
165,0,254
165,0,253
165,0,252
165,0,251
165,0,250
165,0,249
165,0,248
165,0,245
165,0,243
165,0,242
165,0,241
165,0,238
165,0,237
165,0,236
165,0,235
165,0,233
165,0,232
165,0,230
165,0,229
165,0,228
165,0,227
165,0,226
165,0,225
165,0,224
165,0,223
165,0,221
165,0,220
165,0,218
165,0,217
165,0,213
165,0,210
165,0,209
165,0,208
165,0,207
165,0,206
165,0,204
165,0,203
165,0,202
165,0,201
165,0,200
165,0,199
165,0,198
165,0,196
165,0,195
165,0,193
165,0,192
165,0,186
165,0,185
165,0,183
165,0,175
165,0,174
165,0,168
165,0,167
165,0,166
165,0,159
165,0,158
165,0,157
165,0,156
165,0,155
165,0,153
165,0,152
165,0,151
165,0,150
165,0,149
165,0,148
165,0,147
165,0,146
165,0,144
165,0,143
165,0,142
165,0,141
165,0,140
165,0,138
165,0,137
165,0,136
165,0,135
165,0,134
165,0,133
165,0,132
165,0,131
165,0,130
165,0,129
165,0,128
165,0,127
165,0,126
165,0,125
165,0,124
165,0,123
165,0,122
165,0,121
165,0,120
165,0,119
165,0,118
165,0,117
165,0,116
165,0,115
165,0,114
165,0,113
165,0,112
165,0,110
165,0,109
165,0,108
165,0,107
165,0,105
165,0,103
165,0,102
165,0,101
165,0,100
165,0,99
165,0,98
165,0,95
165,0,94
165,0,93
165,0,91
165,0,89
165,0,88
165,0,86
165,0,85
165,0,83
165,0,81
165,0,80
165,0,79
165,0,78
165,0,77
165,0,76
165,0,75
165,0,73
165,0,72
165,0,71
165,0,70
165,0,69
165,0,67
165,0,66
165,0,65
165,0,64
165,0,62
165,0,60
165,0,58
165,0,52
165,0,50
165,0,46
165,0,44
165,0,42
165,0,39
165,0,37
165,0,36
165,0,35
165,1,33
165,0,32
165,1,28
165,0,13
165,1,11
165,1,10
165,1,5
165,1,4
165,0,3
165,1,0
164,0,333
164,0,329
164,0,304
164,0,303
164,0,301
164,0,286
164,0,284
164,0,283
164,0,281
164,0,279
164,0,278
164,0,277
164,0,276
164,0,274
164,0,272
164,0,271
164,0,270
164,0,269
164,0,268
164,0,267
164,0,265
164,0,264
164,0,262
164,0,261
164,0,260
164,0,259
164,0,258
164,0,257
164,0,254
164,0,252
164,0,250
164,0,248
164,0,243
164,0,242
164,0,236
164,0,233
164,0,232
164,0,231
164,0,230
164,0,229
164,0,228
164,0,226
164,0,225
164,0,224
164,0,223
164,0,221
164,0,220
164,0,218
164,0,217
164,0,214
164,0,213
164,0,209
164,0,207
164,0,206
164,0,204
164,0,202
164,0,201
164,0,200
164,0,198
164,0,193
164,0,192
164,0,186
164,0,183
164,1,162
164,1,161
164,0,159
164,0,158
164,0,157
164,0,152
164,0,150
164,0,147
164,0,146
164,0,144
164,0,143
164,0,142
164,0,141
164,0,138
164,0,136
164,0,135
164,0,134
164,0,132
164,0,131
164,0,127
164,0,125
164,0,123
164,0,122
164,0,121
164,0,119
164,0,118
164,0,117
164,0,116
164,0,115
164,0,114
164,0,113
164,0,112
164,0,109
164,0,105
164,0,103
164,0,101
164,0,100
164,0,99
164,0,95
164,0,94
164,0,93
164,0,92
164,0,91
164,0,88
164,0,87
164,0,86
164,0,85
164,0,83
164,0,81
164,0,80
164,0,79
164,0,78
164,0,73
164,0,72
164,0,70
164,0,67
164,0,66
164,0,65
164,0,64
164,0,62
164,0,60
164,0,58
164,1,49
164,0,46
164,0,44
164,1,40
164,0,37
164,0,36
164,1,33
164,1,30
164,1,28
164,1,26
164,1,22
164,1,21
164,1,20
164,1,17
164,1,12
164,1,11
164,1,10
164,1,9
164,1,7
164,1,5
164,1,4
164,1,2
163,0,339
163,0,337
163,0,333
163,0,329
163,0,327
163,0,313
163,0,308
163,0,305
163,0,301
163,0,298
163,0,297
163,0,286
163,0,268
163,0,267
163,0,266
163,0,265
163,0,264
163,0,263
163,0,262
163,0,261
163,0,260
163,0,259
163,0,258
163,0,257
163,0,256
163,0,255
163,0,254
163,0,253
163,0,252
163,0,251
163,0,250
163,0,248
163,0,238
163,0,237
163,0,236
163,0,235
163,0,234
163,0,233
163,0,232
163,0,231
163,0,230
163,0,229
163,0,228
163,0,226
163,0,225
163,0,224
163,0,223
163,0,221
163,0,218
163,0,213
163,0,210
163,0,208
163,0,207
163,0,206
163,0,203
163,0,202
163,0,201
163,0,200
163,0,198
163,0,197
163,0,193
163,0,192
163,0,189
163,0,188
163,0,186
163,0,183
163,1,177
163,0,175
163,0,168
163,0,167
163,1,161
163,0,147
163,0,146
163,0,144
163,0,142
163,0,141
163,0,140
163,0,138
163,0,137
163,0,136
163,0,135
163,0,134
163,0,133
163,0,132
163,0,131
163,0,130
163,0,129
163,0,127
163,0,126
163,0,125
163,0,122
163,0,121
163,0,120
163,0,118
163,0,116
163,0,114
163,0,112
163,0,111
163,0,107
163,0,105
163,0,100
163,0,98
163,0,97
163,0,96
163,0,95
163,0,93
163,0,92
163,0,91
163,0,90
163,0,89
163,0,88
163,0,86
163,0,85
163,0,83
163,0,80
163,0,79
163,0,77
163,0,75
163,0,74
163,0,73
163,0,70
163,0,69
163,0,67
163,0,65
163,0,64
163,0,63
163,0,62
163,0,60
163,0,58
163,0,57
163,0,46
163,0,39
163,1,33
163,0,32
163,0,29
163,1,28
163,1,20
163,1,19
163,1,17
163,0,14
163,1,11
163,1,10
162,0,340
162,0,339
162,0,308
162,1,303
162,0,302
162,0,301
162,0,286
162,0,284
162,0,283
162,0,281
162,0,280
162,0,279
162,0,278
162,0,277
162,0,275
162,0,274
162,0,273
162,0,272
162,0,271
162,0,270
162,0,269
162,0,268
162,0,267
162,0,266
162,0,265
162,0,264
162,0,262
162,0,261
162,0,260
162,0,258
162,0,257
162,0,255
162,0,254
162,0,253
162,0,252
162,0,251
162,0,250
162,0,248
162,0,243
162,0,242
162,0,241
162,0,238
162,0,236
162,0,232
162,0,231
162,0,230
162,0,229
162,0,228
162,0,226
162,0,225
162,0,224
162,0,223
162,0,221
162,0,220
162,0,218
162,1,215
162,0,206
162,0,204
162,0,203
162,0,202
162,0,201
162,0,198
162,0,196
162,0,195
162,0,193
162,0,192
162,0,189
162,0,186
162,0,183
162,1,177
162,0,168
162,0,167
162,0,165
162,0,159
162,0,158
162,0,157
162,0,156
162,0,153
162,0,152
162,0,151
162,0,150
162,0,149
162,0,148
162,0,147
162,0,146
162,0,144
162,0,143
162,0,142
162,0,141
162,0,140
162,0,136
162,0,134
162,0,132
162,0,131
162,0,130
162,0,129
162,0,128
162,0,127
162,0,126
162,0,125
162,0,123
162,0,122
162,0,121
162,0,119
162,0,118
162,0,117
162,0,116
162,0,115
162,0,114
162,0,112
162,0,110
162,0,109
162,0,108
162,0,105
162,0,103
162,0,101
162,0,100
162,0,99
162,0,98
162,0,97
162,0,95
162,0,94
162,0,93
162,0,92
162,0,91
162,0,89
162,0,88
162,1,84
162,0,80
162,0,79
162,0,78
162,0,77
162,0,76
162,0,75
162,0,73
162,0,72
162,0,71
162,0,70
162,0,69
162,0,67
162,0,65
162,0,64
162,0,60
162,1,49
162,0,46
162,0,44
162,0,42
162,1,40
162,0,37
162,0,36
162,0,35
162,1,34
162,1,33
162,0,32
162,1,22
162,1,21
162,1,20
162,1,19
162,1,11
162,0,9
162,1,4
161,0,340
161,0,339
161,0,333
161,0,330
161,0,328
161,0,327
161,0,325
161,0,308
161,0,307
161,0,304
161,0,302
161,0,301
161,0,298
161,0,297
161,0,285
161,0,284
161,0,283
161,0,282
161,0,281
161,0,280
161,0,279
161,0,278
161,0,277
161,0,276
161,0,275
161,0,274
161,0,272
161,0,271
161,0,270
161,0,269
161,0,268
161,0,267
161,0,266
161,0,265
161,0,264
161,0,263
161,0,262
161,0,261
161,0,260
161,0,259
161,0,258
161,0,257
161,0,256
161,0,255
161,0,254
161,0,253
161,0,252
161,0,251
161,0,250
161,0,248
161,0,243
161,0,242
161,0,241
161,0,238
161,0,237
161,0,236
161,0,235
161,0,233
161,0,232
161,0,231
161,0,230
161,0,229
161,0,228
161,0,226
161,0,225
161,0,224
161,0,223
161,0,221
161,0,220
161,0,218
161,0,210
161,0,209
161,0,208
161,0,207
161,0,206
161,0,204
161,0,203
161,0,202
161,0,201
161,0,200
161,0,198
161,0,197
161,0,196
161,0,195
161,0,193
161,0,192
161,0,190
161,0,189
161,0,186
161,0,185
161,0,184
161,0,183
161,0,174
161,0,168
161,0,166
161,0,165
161,1,162
161,0,159
161,0,158
161,0,157
161,0,156
161,0,153
161,0,151
161,0,150
161,0,149
161,0,148
161,0,147
161,0,146
161,0,144
161,0,143
161,0,142
161,0,141
161,0,140
161,0,138
161,0,137
161,0,136
161,0,134
161,0,132
161,0,131
161,0,130
161,0,129
161,0,128
161,0,127
161,0,126
161,0,125
161,0,123
161,0,122
161,0,121
161,0,119
161,0,118
161,0,117
161,0,116
161,0,114
161,0,113
161,0,112
161,0,109
161,0,108
161,0,105
161,0,103
161,0,101
161,0,100
161,0,99
161,0,95
161,0,94
161,0,93
161,0,92
161,0,91
161,0,89
161,0,88
161,0,86
161,0,85
161,0,83
161,0,80
161,0,79
161,0,78
161,0,77
161,0,76
161,0,75
161,0,73
161,0,72
161,0,71
161,0,70
161,0,69
161,0,67
161,0,65
161,0,64
161,0,63
161,0,62
161,0,61
161,0,60
161,0,58
161,1,49
161,0,46
161,0,44
161,0,42
161,0,39
161,0,37
161,0,35
161,1,33
161,1,28
161,1,22
161,1,19
161,0,13
161,1,11
161,1,10
161,1,4
160,0,337
160,0,329
160,0,328
160,0,307
160,0,306
160,0,301
160,0,298
160,0,297
160,0,286
160,0,285
160,0,284
160,0,283
160,0,281
160,0,279
160,0,278
160,0,277
160,0,276
160,0,272
160,0,271
160,0,270
160,0,269
160,0,248
160,0,243
160,0,242
160,0,238
160,0,237
160,0,236
160,0,234
160,0,233
160,0,232
160,0,231
160,0,229
160,0,228
160,0,226
160,0,225
160,0,224
160,0,221
160,0,220
160,0,218
160,0,210
160,0,209
160,0,208
160,0,206
160,0,203
160,0,202
160,0,201
160,0,200
160,0,198
160,0,197
160,0,196
160,0,195
160,0,193
160,0,192
160,0,189
160,0,186
160,0,185
160,0,183
160,0,175
160,0,166
160,1,162
160,0,159
160,0,158
160,0,157
160,0,153
160,0,151
160,0,134
160,0,131
160,0,125
160,0,123
160,0,122
160,0,119
160,0,117
160,0,105
160,0,103
160,0,100
160,0,99
160,0,94
160,0,92
160,0,88
160,0,85
160,0,80
160,0,79
160,0,78
160,0,77
160,0,75
160,0,73
160,0,72
160,0,71
160,0,70
160,0,67
160,0,65
160,0,64
160,0,63
160,0,62
160,0,60
160,0,58
160,1,49
160,0,44
160,1,41
160,0,36
160,0,32
160,0,27
160,1,22
160,1,21
160,1,11
160,1,10
160,1,9
160,1,7
160,1,5
160,1,4
160,1,2
159,0,340
159,0,337
159,0,331
159,0,325
159,1,314
159,0,310
159,0,305
159,0,302
159,0,301
159,0,298
159,0,286
159,0,285
159,0,283
159,0,282
159,0,281
159,0,280
159,0,279
159,0,278
159,0,277
159,0,276
159,0,275
159,0,274
159,0,272
159,0,271
159,0,270
159,0,269
159,0,268
159,0,267
159,0,266
159,0,265
159,0,264
159,0,263
159,0,262
159,0,261
159,0,260
159,0,259
159,0,258
159,0,257
159,0,256
159,0,255
159,0,254
159,0,252
159,0,250
159,0,248
159,0,247
159,0,246
159,0,245
159,0,244
159,0,243
159,0,242
159,0,240
159,0,239
159,0,238
159,0,237
159,0,236
159,0,233
159,0,232
159,0,231
159,0,230
159,0,229
159,0,228
159,0,226
159,0,225
159,0,224
159,0,223
159,0,221
159,0,220
159,0,218
159,0,213
159,0,210
159,0,209
159,0,208
159,0,207
159,0,206
159,0,204
159,0,203
159,0,202
159,0,201
159,0,200
159,0,198
159,0,197
159,0,193
159,0,192
159,0,191
159,0,190
159,0,189
159,0,186
159,0,185
159,0,184
159,0,183
159,1,177
159,0,175
159,0,169
159,0,167
159,0,166
159,0,163
159,1,162
159,1,161
159,0,160
159,0,158
159,0,157
159,0,156
159,0,155
159,0,153
159,0,151
159,0,150
159,0,149
159,0,148
159,0,147
159,0,146
159,0,144
159,0,142
159,0,141
159,0,140
159,0,139
159,0,138
159,0,136
159,0,134
159,0,132
159,0,131
159,0,130
159,0,129
159,0,128
159,0,127
159,0,126
159,0,125
159,0,123
159,0,122
159,0,121
159,0,120
159,0,119
159,0,118
159,0,117
159,0,116
159,0,115
159,0,114
159,0,113
159,0,112
159,0,109
159,0,108
159,0,106
159,0,105
159,0,104
159,0,103
159,0,101
159,0,100
159,0,99
159,0,98
159,0,97
159,0,95
159,0,94
159,0,93
159,0,91
159,0,88
159,0,85
159,0,83
159,0,81
159,0,80
159,0,79
159,0,78
159,0,76
159,0,75
159,0,73
159,0,72
159,0,71
159,0,70
159,0,69
159,0,67
159,0,65
159,0,64
159,0,63
159,0,62
159,0,60
159,0,58
159,0,57
159,0,52
159,0,51
159,1,49
159,0,44
159,0,39
159,0,37
159,0,35
159,1,33
159,1,30
159,1,22
159,1,21
159,1,20
159,0,13
159,1,10
159,1,4
159,0,3
158,0,331
158,0,322
158,0,308
158,0,304
158,0,301
158,0,297
158,1,296
158,1,289
158,0,286
158,0,280
158,0,254
158,0,250
158,0,247
158,0,242
158,0,240
158,0,239
158,0,238
158,0,236
158,0,233
158,0,232
158,0,231
158,0,230
158,0,229
158,0,228
158,0,226
158,0,225
158,0,224
158,0,223
158,0,222
158,0,221
158,0,220
158,0,218
158,0,217
158,0,213
158,0,211
158,0,210
158,0,209
158,0,208
158,0,206
158,0,205
158,0,204
158,0,203
158,0,202
158,0,201
158,0,200
158,0,198
158,0,197
158,0,196
158,0,195
158,0,193
158,0,192
158,0,191
158,0,190
158,0,189
158,0,188
158,0,186
158,0,185
158,0,184
158,0,183
158,0,175
158,1,173
158,0,167
158,0,166
158,0,165
158,0,127
158,0,121
158,0,118
158,0,117
158,0,106
158,0,105
158,0,103
158,0,100
158,0,99
158,0,95
158,0,94
158,0,93
158,0,92
158,0,91
158,0,89
158,0,88
158,0,85
158,0,83
158,0,80
158,0,79
158,0,78
158,0,77
158,0,76
158,0,75
158,0,74
158,0,73
158,0,72
158,0,71
158,0,70
158,0,69
158,0,68
158,0,67
158,0,66
158,0,65
158,0,64
158,0,63
158,0,62
158,0,61
158,0,60
158,0,58
158,0,44
158,1,43
158,1,33
158,0,32
158,1,22
158,1,21
158,1,20
158,0,13
158,1,11
158,1,10
158,1,7
158,1,2
158,1,0
157,0,339
157,0,329
157,0,328
157,0,327
157,0,324
157,0,317
157,0,313
157,0,308
157,0,304
157,0,303
157,0,301
157,0,300
157,0,298
157,0,297
157,0,286
157,0,285
157,0,284
157,0,283
157,0,281
157,0,280
157,0,279
157,0,278
157,0,277
157,0,276
157,0,275
157,0,274
157,0,272
157,0,271
157,0,270
157,0,269
157,0,268
157,0,267
157,0,265
157,0,264
157,0,263
157,0,262
157,0,261
157,0,260
157,0,259
157,0,258
157,0,257
157,0,256
157,0,255
157,0,254
157,0,253
157,0,252
157,0,250
157,0,248
157,0,243
157,0,242
157,0,238
157,0,237
157,0,236
157,0,235
157,0,232
157,0,231
157,0,230
157,0,229
157,0,228
157,0,226
157,0,225
157,0,224
157,0,223
157,0,221
157,0,220
157,0,218
157,0,217
157,0,214
157,0,213
157,0,212
157,0,210
157,0,209
157,0,208
157,0,207
157,0,206
157,0,205
157,0,204
157,0,203
157,0,202
157,0,201
157,0,200
157,0,198
157,0,197
157,0,196
157,0,195
157,0,194
157,0,193
157,0,192
157,0,191
157,0,190
157,0,189
157,0,188
157,0,186
157,0,185
157,0,183
157,0,181
157,0,179
157,1,177
157,0,175
157,0,174
157,1,173
157,0,168
157,0,167
157,0,166
157,1,162
157,1,161
157,0,159
157,0,158
157,0,157
157,0,156
157,0,151
157,0,147
157,0,144
157,0,142
157,0,140
157,0,138
157,0,137
157,0,136
157,0,135
157,0,134
157,0,132
157,0,131
157,0,129
157,0,127
157,0,126
157,0,123
157,0,122
157,0,121
157,0,120
157,0,119
157,0,118
157,0,117
157,0,116
157,0,114
157,0,113
157,0,112
157,0,109
157,0,108
157,0,107
157,0,105
157,0,103
157,0,100
157,0,99
157,0,96
157,0,95
157,0,93
157,0,92
157,0,91
157,0,89
157,0,88
157,0,87
157,0,86
157,0,85
157,0,83
157,0,82
157,0,80
157,0,79
157,0,78
157,0,77
157,0,76
157,0,75
157,0,73
157,0,72
157,0,71
157,0,70
157,0,69
157,0,68
157,0,67
157,0,66
157,0,65
157,0,64
157,0,63
157,0,62
157,0,60
157,0,58
157,0,55
157,1,49
157,0,46
157,0,44
157,0,42
157,1,40
157,0,37
157,0,35
157,1,33
157,0,32
157,0,27
157,1,22
157,1,21
157,0,13
157,1,11
157,1,9
157,0,6
157,1,4
156,0,340
156,0,339
156,0,333
156,0,330
156,0,329
156,1,314
156,0,312
156,0,308
156,0,304
156,1,303
156,0,301
156,0,286
156,0,285
156,0,284
156,0,283
156,0,281
156,0,280
156,0,279
156,0,278
156,0,274
156,0,272
156,0,271
156,0,270
156,0,269
156,0,268
156,0,267
156,0,264
156,0,262
156,0,261
156,0,260
156,0,259
156,0,258
156,0,255
156,0,254
156,0,252
156,0,250
156,0,248
156,0,245
156,0,243
156,0,242
156,0,238
156,0,236
156,0,235
156,0,233
156,0,232
156,0,231
156,0,230
156,0,229
156,0,226
156,0,225
156,0,224
156,0,223
156,0,221
156,0,220
156,0,218
156,1,215
156,0,209
156,0,208
156,0,206
156,0,203
156,0,202
156,0,201
156,0,200
156,0,193
156,0,192
156,0,190
156,0,189
156,0,186
156,0,183
156,1,177
156,0,167
156,1,162
156,1,161
156,0,159
156,0,158
156,0,157
156,0,156
156,0,152
156,0,150
156,0,148
156,0,147
156,0,146
156,0,144
156,0,143
156,0,141
156,0,140
156,0,136
156,0,135
156,0,134
156,0,133
156,0,132
156,0,131
156,0,129
156,0,128
156,0,127
156,0,126
156,0,125
156,0,123
156,0,122
156,0,121
156,0,119
156,0,118
156,0,117
156,0,116
156,0,115
156,0,113
156,0,109
156,0,108
156,0,105
156,0,103
156,0,101
156,0,100
156,0,99
156,0,97
156,0,95
156,0,94
156,0,93
156,0,92
156,0,91
156,0,88
156,0,85
156,1,84
156,0,80
156,0,79
156,0,75
156,0,73
156,0,72
156,0,71
156,0,70
156,0,67
156,0,65
156,0,62
156,0,60
156,0,58
156,1,49
156,0,46
156,0,44
156,0,42
156,1,40
156,0,37
156,1,33
156,1,30
156,1,28
156,1,22
156,1,21
156,1,20
156,1,19
156,1,17
156,1,11
156,1,9
156,1,4
155,0,340
155,0,339
155,0,337
155,0,335
155,0,333
155,0,330
155,0,328
155,0,327
155,0,326
155,0,325
155,0,313
155,0,312
155,0,308
155,0,307
155,0,304
155,0,302
155,0,301
155,0,298
155,0,297
155,0,286
155,0,285
155,0,284
155,0,283
155,0,282
155,0,281
155,0,280
155,0,279
155,0,278
155,0,276
155,0,275
155,0,274
155,0,273
155,0,272
155,0,271
155,0,270
155,0,269
155,0,268
155,0,267
155,0,266
155,0,265
155,0,264
155,0,263
155,0,262
155,0,261
155,0,260
155,0,259
155,0,258
155,0,257
155,0,255
155,0,254
155,0,253
155,0,252
155,0,251
155,0,250
155,0,249
155,0,248
155,0,243
155,0,242
155,0,241
155,0,239
155,0,238
155,0,237
155,0,236
155,0,235
155,0,233
155,0,232
155,0,231
155,0,230
155,0,229
155,0,228
155,0,227
155,0,226
155,0,225
155,0,224
155,0,223
155,0,222
155,0,221
155,0,220
155,0,218
155,0,217
155,0,213
155,0,211
155,0,210
155,0,209
155,0,207
155,0,206
155,0,204
155,0,203
155,0,202
155,0,201
155,0,200
155,0,199
155,0,198
155,0,197
155,0,195
155,0,194
155,0,193
155,0,192
155,0,191
155,0,190
155,0,189
155,0,188
155,0,186
155,0,185
155,0,184
155,0,183
155,1,177
155,0,175
155,0,167
155,0,166
155,1,162
155,0,159
155,0,158
155,0,157
155,0,156
155,0,155
155,0,154
155,0,153
155,0,152
155,0,151
155,0,150
155,0,149
155,0,147
155,0,146
155,0,145
155,0,144
155,0,143
155,0,142
155,0,141
155,0,138
155,0,136
155,0,135
155,0,134
155,0,133
155,0,132
155,0,131
155,0,130
155,0,129
155,0,128
155,0,127
155,0,126
155,0,125
155,0,124
155,0,123
155,0,122
155,0,121
155,0,120
155,0,119
155,0,118
155,0,117
155,0,116
155,0,115
155,0,114
155,0,113
155,0,112
155,0,110
155,0,109
155,0,108
155,0,107
155,0,105
155,0,103
155,0,102
155,0,101
155,0,100
155,0,99
155,0,98
155,0,97
155,0,96
155,0,95
155,0,94
155,0,93
155,0,92
155,0,91
155,0,89
155,0,88
155,0,85
155,0,83
155,0,80
155,0,79
155,0,78
155,0,76
155,0,75
155,0,73
155,0,72
155,0,71
155,0,70
155,0,69
155,0,67
155,0,65
155,0,64
155,0,63
155,0,62
155,0,60
155,0,59
155,0,58
155,0,57
155,0,56
155,0,52
155,0,51
155,0,50
155,0,48
155,0,46
155,0,42
155,0,39
155,0,37
155,0,35
155,1,33
155,0,32
155,0,22
155,1,19
155,0,16
155,1,4
155,0,3
154,0,330
154,1,314
154,0,307
154,0,304
154,0,301
154,0,297
154,0,286
154,0,285
154,0,284
154,0,283
154,0,281
154,0,278
154,0,277
154,0,272
154,0,271
154,0,270
154,0,269
154,0,268
154,0,267
154,0,264
154,0,263
154,0,262
154,0,261
154,0,258
154,0,254
154,0,252
154,0,248
154,0,238
154,0,236
154,0,235
154,0,234
154,0,233
154,0,232
154,0,231
154,0,230
154,0,229
154,0,228
154,0,226
154,0,225
154,0,224
154,0,223
154,0,221
154,0,218
154,0,210
154,0,209
154,0,206
154,0,203
154,0,202
154,0,201
154,0,200
154,0,193
154,0,192
154,0,186
154,0,184
154,0,183
154,1,177
154,1,162
154,1,161
154,0,158
154,0,157
154,0,147
154,0,146
154,0,144
154,0,142
154,0,141
154,0,140
154,0,136
154,0,134
154,0,132
154,0,131
154,0,127
154,0,125
154,0,123
154,0,121
154,0,118
154,0,105
154,0,101
154,0,100
154,0,99
154,0,97
154,0,95
154,0,94
154,0,93
154,0,92
154,0,89
154,0,88
154,0,85
154,0,80
154,0,79
154,0,74
154,0,73
154,0,71
154,0,70
154,0,67
154,0,65
154,0,64
154,0,63
154,0,60
154,0,58
154,1,49
154,0,46
154,1,45
154,0,44
154,1,41
154,1,40
154,0,37
154,1,34
154,1,33
154,0,32
154,1,28
154,0,27
154,1,24
154,1,22
154,1,21
154,1,20
154,1,19
154,1,17
154,1,12
154,1,11
154,1,10
154,1,9
154,1,5
154,1,4
154,1,2
154,1,0
153,1,314
153,0,301
153,1,291
153,0,286
153,0,268
153,0,267
153,0,266
153,0,265
153,0,264
153,0,262
153,0,261
153,0,260
153,0,258
153,0,238
153,0,237
153,0,236
153,0,233
153,0,232
153,0,231
153,0,229
153,0,228
153,0,226
153,0,225
153,0,224
153,0,221
153,0,217
153,0,216
153,0,213
153,0,210
153,0,209
153,0,208
153,0,207
153,0,206
153,0,204
153,0,203
153,0,202
153,0,201
153,0,200
153,0,198
153,0,196
153,0,195
153,0,193
153,0,192
153,0,186
153,0,185
153,0,183
153,0,175
153,0,167
153,0,166
153,1,161
153,0,147
153,0,146
153,0,144
153,0,143
153,0,142
153,0,141
153,0,138
153,0,136
153,0,105
153,0,100
153,0,94
153,0,91
153,0,89
153,0,88
153,0,86
153,0,85
153,0,83
153,0,81
153,0,80
153,0,79
153,0,78
153,0,77
153,0,73
153,0,72
153,0,71
153,0,70
153,0,67
153,0,66
153,0,65
153,0,64
153,0,63
153,0,62
153,0,60
153,0,58
153,1,50
153,1,49
153,1,34
153,1,33
153,1,22
153,0,13
153,1,11
153,1,5
152,0,343
152,0,342
152,0,341
152,0,340
152,0,339
152,0,338
152,0,337
152,0,334
152,0,333
152,0,329
152,0,328
152,0,327
152,0,315
152,0,309
152,0,308
152,0,304
152,0,303
152,0,301
152,0,299
152,0,298
152,0,297
152,0,296
152,0,286
152,0,285
152,0,284
152,0,283
152,0,281
152,0,279
152,0,278
152,0,277
152,0,276
152,0,275
152,0,274
152,0,273
152,0,272
152,0,271
152,0,270
152,0,269
152,0,268
152,0,267
152,0,266
152,0,265
152,0,264
152,0,263
152,0,262
152,0,261
152,0,260
152,0,259
152,0,258
152,0,257
152,0,255
152,0,254
152,0,253
152,0,252
152,0,251
152,0,250
152,0,249
152,0,248
152,0,245
152,0,243
152,0,242
152,0,241
152,0,239
152,0,238
152,0,237
152,0,236
152,0,235
152,0,233
152,0,232
152,0,231
152,0,230
152,0,229
152,0,228
152,0,227
152,0,226
152,0,225
152,0,224
152,0,223
152,0,222
152,0,221
152,0,220
152,0,219
152,0,218
152,0,217
152,0,215
152,0,214
152,0,213
152,0,212
152,0,210
152,0,209
152,0,208
152,0,207
152,0,206
152,0,204
152,0,203
152,0,202
152,0,201
152,0,200
152,0,199
152,0,198
152,0,197
152,0,196
152,0,195
152,0,193
152,0,192
152,0,191
152,0,190
152,0,189
152,0,188
152,0,187
152,0,186
152,0,185
152,0,184
152,0,183
152,0,175
152,0,174
152,0,168
152,0,167
152,0,166
152,0,165
152,0,159
152,0,158
152,0,157
152,0,156
152,0,153
152,0,152
152,0,151
152,0,149
152,0,148
152,0,147
152,0,146
152,0,145
152,0,144
152,0,143
152,0,142
152,0,141
152,0,138
152,0,137
152,0,136
152,0,135
152,0,134
152,0,133
152,0,132
152,0,131
152,0,130
152,0,129
152,0,128
152,0,127
152,0,126
152,0,125
152,0,124
152,0,123
152,0,122
152,0,121
152,0,120
152,0,119
152,0,118
152,0,117
152,0,116
152,0,115
152,0,114
152,0,113
152,0,112
152,0,111
152,0,110
152,0,109
152,0,108
152,0,107
152,0,105
152,0,103
152,0,102
152,0,101
152,0,100
152,0,99
152,0,98
152,0,97
152,0,96
152,0,95
152,0,94
152,0,93
152,0,92
152,0,91
152,0,89
152,0,88
152,0,87
152,0,86
152,0,85
152,0,84
152,0,83
152,0,81
152,0,80
152,0,79
152,0,78
152,0,77
152,0,76
152,0,75
152,0,74
152,0,73
152,0,72
152,0,71
152,0,70
152,0,69
152,0,67
152,0,66
152,0,65
152,0,64
152,0,62
152,0,61
152,0,60
152,0,58
152,0,57
152,0,56
152,0,52
152,0,51
152,0,50
152,0,48
152,0,47
152,0,46
152,0,44
152,0,42
152,0,41
152,0,39
152,0,38
152,0,37
152,0,36
152,0,35
152,0,34
152,0,32
152,0,27
152,0,22
152,0,21
152,0,16
152,0,14
152,0,13
152,0,6
152,0,3
151,0,329
151,0,327
151,1,314
151,0,303
151,0,301
151,0,298
151,0,297
151,0,295
151,0,294
151,0,286
151,0,285
151,0,284
151,0,283
151,0,281
151,0,278
151,0,277
151,0,276
151,0,274
151,0,272
151,0,271
151,0,270
151,0,269
151,0,268
151,0,267
151,0,266
151,0,265
151,0,264
151,0,263
151,0,262
151,0,261
151,0,260
151,0,258
151,0,257
151,0,254
151,0,252
151,0,248
151,0,243
151,0,242
151,0,238
151,0,237
151,0,236
151,0,233
151,0,232
151,0,231
151,0,230
151,0,229
151,0,228
151,0,226
151,0,225
151,0,224
151,0,223
151,0,221
151,0,219
151,0,218
151,0,217
151,0,216
151,0,214
151,0,213
151,0,212
151,0,210
151,0,209
151,0,207
151,0,206
151,0,204
151,0,203
151,0,202
151,0,201
151,0,200
151,0,198
151,0,195
151,0,194
151,0,193
151,0,192
151,0,191
151,0,190
151,0,189
151,0,188
151,0,187
151,0,186
151,0,184
151,0,183
151,0,167
151,0,166
151,1,162
151,0,158
151,0,157
151,0,147
151,0,146
151,0,144
151,0,143
151,0,142
151,0,141
151,0,140
151,0,138
151,0,137
151,0,136
151,0,134
151,0,132
151,0,131
151,0,127
151,0,125
151,0,123
151,0,122
151,0,121
151,0,119
151,0,118
151,0,117
151,0,116
151,0,114
151,0,113
151,0,109
151,0,105
151,0,103
151,0,99
151,0,98
151,0,97
151,0,95
151,0,94
151,0,93
151,0,92
151,0,91
151,0,89
151,0,88
151,0,86
151,0,85
151,0,83
151,0,82
151,0,81
151,0,80
151,0,79
151,0,78
151,0,77
151,0,75
151,0,74
151,0,73
151,0,72
151,0,71
151,0,70
151,0,69
151,0,67
151,0,66
151,0,65
151,0,64
151,0,63
151,0,62
151,0,60
151,0,59
151,0,58
151,0,57
151,0,56
151,1,49
151,0,46
151,0,44
151,1,41
151,1,40
151,0,37
151,1,33
151,0,32
151,1,28
151,1,22
151,1,17
151,1,10
151,1,5
151,1,4
151,1,2
151,1,0
150,0,340
150,0,339
150,0,329
150,0,327
150,0,308
150,0,307
150,0,302
150,0,301
150,0,297
150,0,286
150,0,285
150,0,284
150,0,283
150,0,281
150,0,279
150,0,278
150,0,277
150,0,276
150,0,275
150,0,274
150,0,272
150,0,271
150,0,270
150,0,269
150,0,268
150,0,267
150,0,266
150,0,264
150,0,262
150,0,261
150,0,260
150,0,259
150,0,258
150,0,257
150,0,255
150,0,254
150,0,252
150,0,250
150,0,248
150,0,243
150,0,242
150,0,241
150,0,238
150,0,237
150,0,236
150,0,233
150,0,232
150,0,231
150,0,230
150,0,229
150,0,228
150,0,226
150,0,225
150,0,224
150,0,223
150,0,221
150,0,220
150,0,218
150,0,213
150,0,210
150,0,209
150,0,207
150,0,206
150,0,203
150,0,202
150,0,201
150,0,200
150,0,198
150,0,197
150,0,196
150,0,195
150,0,193
150,0,192
150,0,191
150,0,190
150,0,189
150,0,186
150,0,185
150,0,184
150,0,183
150,0,167
150,1,162
150,1,161
150,0,159
150,0,158
150,0,157
150,0,156
150,0,155
150,0,153
150,0,152
150,0,151
150,0,150
150,0,149
150,0,148
150,0,147
150,0,146
150,0,144
150,0,143
150,0,141
150,0,138
150,0,136
150,0,135
150,0,134
150,0,132
150,0,131
150,0,128
150,0,127
150,0,125
150,0,123
150,0,121
150,0,119
150,0,118
150,0,117
150,0,116
150,0,115
150,0,114
150,0,113
150,0,112
150,0,109
150,0,108
150,0,105
150,0,103
150,0,101
150,0,100
150,0,99
150,0,97
150,0,95
150,0,94
150,0,93
150,0,92
150,0,91
150,0,89
150,0,88
150,0,85
150,0,83
150,0,82
150,0,80
150,0,79
150,0,78
150,0,74
150,0,73
150,0,72
150,0,71
150,0,70
150,0,67
150,0,65
150,0,64
150,0,63
150,0,62
150,0,60
150,0,58
150,0,57
150,0,52
150,0,51
150,1,49
150,0,46
150,0,44
150,0,37
150,1,33
150,0,32
150,1,28
150,1,22
150,1,21
150,1,20
150,1,19
150,1,17
150,0,16
150,0,14
150,0,13
150,1,11
150,1,10
150,1,7
150,1,4
149,0,333
149,0,329
149,1,314
149,0,304
149,0,301
149,0,298
149,0,297
149,0,286
149,0,283
149,0,281
149,0,279
149,0,278
149,0,275
149,0,272
149,0,271
149,0,270
149,0,269
149,0,268
149,0,267
149,0,264
149,0,262
149,0,261
149,0,260
149,0,259
149,0,258
149,0,254
149,0,252
149,0,248
149,0,243
149,0,242
149,0,238
149,0,237
149,0,233
149,0,232
149,0,231
149,0,230
149,0,229
149,0,228
149,0,226
149,0,225
149,0,224
149,0,223
149,0,221
149,0,218
149,0,209
149,0,206
149,0,203
149,0,202
149,0,201
149,0,200
149,0,193
149,0,192
149,0,188
149,0,186
149,0,183
149,0,167
149,1,163
149,1,162
149,1,161
149,0,158
149,0,157
149,0,147
149,0,144
149,0,143
149,0,142
149,0,141
149,0,140
149,0,136
149,0,135
149,0,134
149,0,132
149,0,131
149,0,129
149,0,127
149,0,125
149,0,123
149,0,122
149,0,121
149,0,118
149,0,117
149,0,103
149,0,101
149,0,99
149,0,95
149,0,94
149,0,93
149,0,92
149,0,91
149,0,89
149,0,88
149,0,80
149,0,79
149,0,73
149,0,72
149,0,70
149,0,67
149,0,65
149,0,62
149,0,60
149,0,58
149,1,50
149,1,49
149,0,46
149,0,44
149,1,41
149,1,40
149,0,37
149,1,34
149,1,33
149,1,28
149,1,26
149,1,24
149,1,22
149,1,21
149,1,19
149,1,17
149,1,12
149,1,11
149,1,10
149,1,9
149,1,7
149,1,6
149,1,4
149,1,2
149,1,0
148,0,340
148,0,339
148,0,333
148,0,329
148,0,325
148,0,312
148,0,308
148,0,304
148,0,301
148,0,297
148,0,286
148,0,285
148,0,284
148,0,283
148,0,282
148,0,281
148,0,279
148,0,278
148,0,276
148,0,275
148,0,274
148,0,273
148,0,272
148,0,271
148,0,270
148,0,269
148,0,268
148,0,267
148,0,266
148,0,265
148,0,264
148,0,263
148,0,262
148,0,261
148,0,260
148,0,259
148,0,258
148,0,257
148,0,255
148,0,254
148,0,253
148,0,252
148,0,251
148,0,250
148,0,249
148,0,248
148,0,243
148,0,242
148,0,241
148,0,237
148,0,236
148,0,235
148,0,233
148,0,232
148,0,230
148,0,229
148,0,228
148,0,226
148,0,225
148,0,224
148,0,223
148,0,221
148,0,220
148,0,218
148,0,217
148,0,216
148,0,213
148,0,210
148,0,209
148,0,207
148,0,206
148,0,204
148,0,203
148,0,202
148,0,201
148,0,200
148,0,198
148,0,193
148,0,192
148,0,190
148,0,189
148,0,186
148,0,184
148,0,183
148,1,177
148,0,175
148,0,168
148,0,167
148,0,166
148,0,165
148,1,162
148,0,159
148,0,158
148,0,157
148,0,156
148,0,155
148,0,154
148,0,153
148,0,151
148,0,150
148,0,147
148,0,146
148,0,144
148,0,143
148,0,142
148,0,141
148,0,138
148,0,137
148,0,136
148,0,135
148,0,134
148,0,133
148,0,132
148,0,131
148,0,130
148,0,129
148,0,128
148,0,127
148,0,126
148,0,125
148,0,123
148,0,122
148,0,121
148,0,120
148,0,119
148,0,118
148,0,117
148,0,116
148,0,115
148,0,114
148,0,113
148,0,112
148,0,110
148,0,109
148,0,108
148,0,105
148,0,103
148,0,101
148,0,100
148,0,99
148,0,98
148,0,96
148,0,95
148,0,94
148,0,93
148,0,92
148,0,91
148,0,89
148,0,88
148,0,86
148,0,85
148,0,83
148,0,81
148,0,80
148,0,79
148,0,78
148,0,75
148,0,73
148,0,72
148,0,71
148,0,70
148,0,69
148,0,67
148,0,65
148,0,64
148,0,62
148,0,60
148,0,58
148,0,52
148,1,49
148,0,48
148,0,46
148,0,39
148,0,37
148,0,35
148,1,33
148,0,32
148,1,31
148,1,30
148,1,28
148,0,27
148,1,26
148,1,24
148,0,22
148,1,21
148,0,13
148,1,11
148,1,10
148,1,4
148,0,3
147,0,340
147,0,339
147,0,338
147,0,337
147,0,333
147,0,329
147,0,324
147,0,320
147,0,319
147,0,317
147,0,316
147,0,308
147,0,304
147,0,301
147,0,297
147,0,288
147,0,287
147,0,286
147,0,285
147,0,284
147,0,283
147,0,281
147,0,280
147,0,279
147,0,278
147,0,277
147,0,276
147,0,275
147,0,274
147,0,273
147,0,272
147,0,271
147,0,270
147,0,269
147,0,268
147,0,267
147,0,266
147,0,265
147,0,264
147,0,263
147,0,262
147,0,261
147,0,260
147,0,259
147,0,258
147,0,257
147,0,256
147,0,255
147,0,254
147,0,253
147,0,252
147,0,251
147,0,250
147,0,249
147,0,248
147,0,245
147,0,243
147,0,242
147,0,241
147,0,238
147,0,237
147,0,236
147,0,235
147,0,234
147,0,233
147,0,232
147,0,231
147,0,230
147,0,229
147,0,228
147,0,227
147,0,226
147,0,225
147,0,224
147,0,223
147,0,221
147,0,220
147,0,218
147,0,217
147,0,214
147,0,213
147,0,210
147,0,209
147,0,208
147,0,207
147,0,206
147,0,204
147,0,202
147,0,201
147,0,200
147,0,198
147,0,196
147,0,195
147,0,193
147,0,192
147,0,190
147,0,189
147,0,186
147,0,184
147,0,183
147,0,168
147,0,166
147,0,165
147,1,162
147,1,161
147,0,159
147,0,158
147,0,157
147,0,148
147,0,147
147,0,146
147,0,145
147,0,144
147,0,143
147,0,142
147,0,141
147,0,140
147,0,138
147,0,137
147,0,136
147,0,135
147,0,134
147,0,132
147,0,131
147,0,130
147,0,129
147,0,128
147,0,127
147,0,125
147,0,123
147,0,122
147,0,121
147,0,120
147,0,119
147,0,118
147,0,117
147,0,116
147,0,115
147,0,114
147,0,113
147,0,109
147,0,105
147,0,103
147,0,101
147,0,100
147,0,99
147,0,98
147,0,97
147,0,95
147,0,94
147,0,92
147,0,91
147,0,89
147,0,88
147,0,85
147,0,83
147,0,80
147,0,79
147,0,76
147,0,75
147,0,73
147,0,72
147,0,71
147,0,70
147,0,69
147,0,67
147,0,65
147,0,63
147,0,62
147,0,60
147,0,58
147,1,49
147,0,46
147,0,44
147,0,42
147,0,37
147,0,36
147,0,35
147,1,33
147,0,32
147,1,28
147,1,24
147,1,17
147,0,16
147,0,14
147,1,11
147,1,10
147,0,6
147,1,4
146,0,333
146,0,331
146,0,324
146,0,323
146,0,321
146,0,320
146,0,317
146,1,302
146,0,298
146,0,297
146,0,286
146,0,255
146,0,254
146,0,252
146,0,244
146,0,242
146,0,240
146,0,239
146,0,238
146,0,236
146,0,235
146,0,232
146,0,231
146,0,230
146,0,229
146,0,228
146,0,227
146,0,226
146,0,225
146,0,224
146,0,223
146,0,222
146,0,221
146,1,215
146,0,210
146,0,209
146,0,207
146,0,206
146,0,204
146,0,202
146,0,200
146,0,198
146,0,197
146,0,193
146,0,192
146,0,190
146,0,189
146,0,188
146,0,186
146,0,184
146,0,183
146,0,181
146,0,180
146,0,179
146,1,177
146,0,172
146,0,171
146,0,167
146,1,163
146,1,162
146,0,160
146,0,140
146,0,133
146,0,122
146,0,121
146,0,118
146,0,117
146,0,112
146,0,106
146,0,105
146,0,103
146,0,100
146,0,99
146,0,98
146,0,96
146,0,95
146,0,94
146,0,93
146,0,92
146,0,91
146,0,88
146,0,80
146,0,70
146,0,67
146,0,64
146,0,60
146,0,59
146,0,58
146,0,57
146,0,56
146,0,55
146,0,54
146,0,44
146,0,39
146,1,33
146,1,30
146,1,21
146,1,20
146,1,19
146,1,17
146,1,11
146,1,6
146,0,1
145,0,337
145,0,333
145,0,329
145,0,325
145,0,308
145,0,306
145,0,304
145,0,302
145,0,301
145,0,297
145,0,286
145,0,283
145,0,282
145,0,281
145,0,279
145,0,278
145,0,277
145,0,276
145,0,275
145,0,274
145,0,272
145,0,271
145,0,270
145,0,269
145,0,256
145,0,248
145,0,247
145,0,242
145,0,240
145,0,239
145,0,238
145,0,237
145,0,236
145,0,235
145,0,234
145,0,233
145,0,232
145,0,231
145,0,229
145,0,228
145,0,227
145,0,224
145,0,223
145,0,221
145,0,220
145,0,218
145,0,211
145,0,210
145,0,209
145,0,208
145,0,206
145,0,205
145,0,204
145,0,203
145,0,202
145,0,201
145,0,200
145,0,199
145,0,198
145,0,197
145,0,196
145,0,195
145,0,193
145,0,192
145,0,190
145,0,189
145,0,188
145,0,186
145,0,185
145,0,184
145,0,183
145,1,177
145,0,174
145,0,169
145,0,166
145,0,157
145,0,139
145,0,134
145,0,131
145,0,129
145,0,125
145,0,124
145,0,123
145,0,122
145,0,109
145,0,106
145,0,105
145,0,103
145,0,101
145,0,100
145,0,99
145,0,98
145,0,97
145,0,95
145,0,94
145,0,93
145,0,92
145,0,91
145,0,89
145,0,88
145,0,85
145,0,80
145,0,79
145,0,78
145,0,77
145,0,76
145,0,75
145,0,73
145,0,72
145,0,71
145,0,67
145,0,66
145,0,65
145,0,64
145,0,63
145,0,62
145,0,60
145,0,58
145,0,56
145,0,52
145,1,49
145,0,44
145,1,40
145,0,36
145,0,35
145,1,33
145,0,32
145,1,28
145,1,22
145,1,21
145,0,16
145,0,14
145,0,13
145,1,7
145,0,6
145,1,4
144,0,339
144,0,337
144,0,329
144,0,327
144,0,324
144,0,322
144,0,321
144,0,320
144,0,305
144,0,301
144,0,298
144,0,297
144,0,294
144,0,286
144,0,284
144,0,283
144,0,281
144,0,280
144,0,279
144,0,277
144,0,276
144,0,274
144,0,273
144,0,272
144,0,271
144,0,270
144,0,269
144,0,268
144,0,267
144,0,266
144,0,265
144,0,264
144,0,263
144,0,262
144,0,261
144,0,260
144,0,259
144,0,258
144,0,257
144,0,256
144,0,254
144,0,252
144,0,248
144,0,243
144,0,242
144,0,238
144,0,237
144,0,236
144,0,235
144,0,232
144,0,230
144,0,229
144,0,228
144,0,226
144,0,225
144,0,224
144,0,223
144,0,221
144,0,220
144,0,218
144,0,210
144,0,209
144,0,208
144,0,207
144,0,206
144,0,204
144,0,203
144,0,202
144,0,201
144,0,200
144,0,198
144,0,197
144,0,195
144,0,194
144,0,193
144,0,192
144,0,190
144,0,189
144,0,188
144,0,186
144,0,184
144,0,183
144,0,182
144,0,181
144,0,179
144,0,175
144,0,172
144,0,171
144,0,167
144,1,162
144,0,159
144,0,158
144,0,157
144,0,153
144,0,147
144,0,146
144,0,144
144,0,143
144,0,141
144,0,140
144,0,138
144,0,136
144,0,135
144,0,134
144,0,132
144,0,131
144,0,130
144,0,129
144,0,128
144,0,125
144,0,123
144,0,122
144,0,121
144,0,118
144,0,114
144,0,109
144,0,108
144,0,105
144,0,101
144,0,100
144,0,99
144,0,95
144,0,94
144,0,93
144,0,92
144,0,91
144,0,89
144,0,88
144,0,86
144,0,85
144,0,80
144,0,79
144,0,78
144,0,77
144,0,76
144,0,73
144,0,72
144,0,71
144,0,70
144,0,67
144,0,65
144,0,64
144,0,63
144,0,62
144,0,60
144,0,59
144,0,58
144,0,57
144,0,55
144,0,54
144,1,50
144,1,49
144,0,44
144,1,40
144,0,37
144,1,34
144,1,33
144,0,32
144,1,28
144,1,22
144,1,21
144,1,20
144,1,19
144,1,11
144,1,7
144,1,4
144,0,3
144,0,1
143,0,333
143,1,314
143,0,284
143,0,283
143,0,281
143,0,278
143,0,277
143,0,276
143,0,274
143,0,272
143,0,270
143,0,269
143,0,268
143,0,267
143,0,264
143,0,262
143,0,261
143,0,260
143,0,258
143,0,257
143,0,254
143,0,252
143,0,248
143,0,238
143,0,230
143,0,229
143,0,228
143,1,168
143,1,162
143,0,159
143,0,158
143,0,157
143,0,147
143,0,146
143,0,144
143,0,143
143,0,141
143,0,135
143,0,132
143,0,131
143,1,130
143,0,128
143,0,127
143,0,125
143,0,123
143,0,121
143,0,105
143,0,103
143,0,100
143,0,99
143,0,91
143,0,74
143,1,50
143,1,49
143,1,41
143,1,40
143,1,34
143,1,33
143,1,30
143,1,28
143,1,24
143,1,22
143,1,21
143,1,9
143,1,7
143,1,6
143,1,4
143,1,2
143,1,0
142,0,333
142,0,329
142,0,308
142,0,304
142,0,303
142,0,302
142,0,301
142,0,298
142,0,297
142,0,286
142,0,280
142,0,261
142,0,254
142,0,250
142,0,247
142,0,242
142,0,240
142,0,239
142,0,238
142,0,237
142,0,236
142,0,233
142,0,232
142,0,231
142,0,230
142,0,229
142,0,228
142,0,226
142,0,225
142,0,224
142,0,223
142,0,222
142,0,221
142,0,219
142,0,218
142,0,217
142,0,216
142,0,215
142,0,214
142,0,213
142,0,212
142,0,211
142,0,210
142,0,209
142,0,208
142,0,207
142,0,206
142,0,204
142,0,203
142,0,202
142,0,201
142,0,200
142,0,199
142,0,198
142,0,197
142,0,196
142,0,193
142,0,192
142,0,191
142,0,190
142,0,189
142,0,188
142,0,186
142,0,185
142,0,184
142,0,183
142,0,167
142,0,166
142,0,165
142,1,162
142,0,140
142,0,134
142,0,127
142,1,124
142,0,121
142,0,118
142,0,117
142,0,107
142,0,106
142,0,105
142,0,103
142,0,100
142,0,99
142,0,97
142,0,96
142,0,95
142,0,94
142,0,93
142,0,92
142,0,91
142,0,89
142,0,88
142,0,87
142,0,86
142,0,85
142,0,84
142,0,83
142,0,82
142,0,81
142,0,80
142,0,79
142,0,78
142,0,77
142,0,75
142,0,74
142,0,73
142,0,71
142,0,70
142,0,69
142,0,67
142,0,66
142,0,65
142,0,64
142,0,63
142,0,62
142,0,60
142,0,58
142,0,44
142,1,41
142,0,39
142,0,37
142,0,36
142,1,33
142,0,32
142,1,30
142,1,28
142,1,26
142,1,24
142,1,22
142,1,21
142,1,11
142,1,7
142,1,6
141,0,333
141,0,331
141,0,308
141,0,307
141,0,304
141,0,301
141,0,298
141,0,297
141,0,286
141,0,254
141,0,247
141,0,243
141,0,242
141,0,240
141,0,239
141,0,238
141,0,237
141,0,236
141,0,235
141,0,233
141,0,232
141,0,231
141,0,230
141,0,229
141,0,228
141,0,226
141,0,225
141,0,224
141,0,223
141,0,222
141,0,221
141,0,218
141,0,213
141,0,210
141,0,209
141,0,206
141,0,204
141,0,203
141,0,202
141,0,201
141,0,200
141,0,198
141,0,193
141,0,192
141,0,190
141,0,189
141,0,188
141,0,186
141,0,184
141,0,183
141,0,167
141,1,162
141,0,152
141,0,122
141,0,121
141,0,119
141,0,118
141,0,106
141,0,105
141,0,104
141,0,103
141,0,100
141,0,99
141,0,95
141,0,94
141,0,93
141,0,92
141,0,91
141,0,89
141,0,88
141,0,85
141,0,83
141,0,80
141,0,79
141,0,78
141,0,73
141,0,72
141,0,71
141,0,70
141,0,69
141,0,67
141,0,65
141,0,64
141,0,60
141,0,58
141,0,44
141,0,37
141,1,31
141,1,28
141,0,27
141,1,22
141,1,21
141,1,20
141,1,19
141,1,17
141,1,12
141,1,11
141,1,7
140,0,333
140,0,331
140,0,329
140,0,325
140,0,310
140,0,304
140,0,302
140,0,301
140,0,298
140,0,296
140,0,293
140,0,286
140,0,254
140,0,252
140,0,250
140,0,247
140,0,242
140,0,239
140,0,238
140,0,237
140,0,236
140,0,233
140,0,232
140,0,230
140,0,229
140,0,228
140,0,226
140,0,225
140,0,224
140,0,223
140,0,222
140,0,221
140,0,220
140,0,218
140,0,210
140,0,209
140,0,206
140,0,204
140,0,203
140,0,202
140,0,201
140,0,200
140,0,198
140,0,197
140,0,196
140,0,195
140,0,193
140,0,192
140,0,191
140,0,190
140,0,189
140,0,187
140,0,186
140,0,185
140,0,184
140,0,183
140,0,174
140,0,167
140,0,166
140,1,162
140,0,152
140,0,127
140,0,121
140,0,119
140,0,118
140,0,117
140,0,107
140,0,106
140,0,103
140,0,100
140,0,99
140,0,95
140,0,93
140,0,91
140,0,89
140,0,88
140,0,85
140,0,80
140,0,79
140,0,78
140,0,77
140,0,76
140,0,75
140,0,73
140,0,72
140,0,71
140,0,70
140,0,69
140,0,67
140,0,65
140,0,64
140,0,63
140,0,61
140,0,60
140,0,58
140,0,57
140,0,56
140,1,44
140,0,39
140,1,33
140,1,31
140,1,29
140,1,22
140,1,21
140,0,13
139,0,331
139,0,329
139,0,325
139,0,304
139,0,301
139,0,286
139,0,280
139,0,250
139,0,239
139,0,228
139,0,226
139,0,225
139,0,224
139,0,223
139,0,222
139,0,221
139,0,220
139,0,218
139,0,217
139,0,214
139,0,213
139,0,211
139,0,210
139,0,209
139,0,208
139,0,207
139,0,206
139,0,204
139,0,203
139,0,202
139,0,201
139,0,200
139,0,198
139,0,197
139,0,196
139,0,195
139,0,193
139,0,192
139,0,189
139,0,186
139,0,185
139,0,183
139,0,174
139,0,167
139,0,166
139,1,161
139,0,127
139,0,121
139,0,106
139,0,105
139,0,103
139,0,95
139,0,94
139,0,93
139,0,92
139,0,91
139,0,89
139,0,88
139,0,86
139,0,85
139,0,83
139,0,81
139,0,80
139,0,79
139,0,78
139,0,76
139,0,75
139,0,73
139,0,72
139,0,71
139,0,70
139,0,69
139,0,67
139,0,65
139,0,64
139,0,63
139,0,62
139,0,60
139,0,58
139,1,33
139,1,22
139,1,20
139,1,11
139,1,10
139,1,9
139,1,6
138,0,338
138,0,337
138,0,334
138,0,333
138,0,331
138,0,329
138,0,325
138,0,324
138,0,323
138,0,321
138,0,320
138,0,318
138,0,317
138,0,313
138,0,307
138,0,305
138,0,301
138,0,297
138,0,294
138,0,288
138,0,287
138,0,286
138,0,246
138,0,244
138,0,243
138,0,242
138,0,240
138,0,239
138,0,238
138,0,237
138,0,236
138,0,235
138,0,234
138,0,233
138,0,232
138,0,229
138,0,227
138,0,225
138,0,223
138,0,221
138,0,218
138,0,214
138,0,210
138,0,209
138,0,208
138,0,207
138,0,206
138,0,204
138,0,203
138,0,202
138,0,201
138,0,200
138,0,198
138,0,195
138,0,194
138,0,193
138,0,192
138,0,190
138,0,189
138,0,186
138,0,184
138,0,183
138,0,182
138,0,181
138,0,179
138,1,177
138,0,174
138,0,172
138,0,167
138,0,166
138,1,161
138,0,160
138,0,139
138,0,129
138,0,122
138,0,118
138,0,117
138,0,112
138,0,108
138,0,107
138,0,106
138,0,100
138,0,97
138,0,96
138,0,95
138,0,94
138,0,92
138,0,91
138,0,89
138,0,88
138,0,85
138,0,80
138,0,79
138,0,77
138,0,75
138,0,73
138,0,70
138,0,67
138,0,64
138,0,60
138,0,57
138,0,56
138,0,55
138,0,54
138,0,51
138,0,44
138,1,39
138,0,37
138,0,36
138,0,32
138,0,27
138,0,25
138,1,19
138,1,17
138,0,16
138,0,13
138,1,11
138,0,6
138,1,4
138,0,1
137,1,312
137,0,301
137,0,298
137,0,297
137,0,286
137,0,243
137,0,240
137,0,239
137,0,236
137,0,233
137,0,230
137,0,229
137,0,226
137,0,225
137,0,224
137,0,223
137,0,221
137,0,218
137,0,214
137,0,213
137,0,211
137,0,210
137,0,209
137,0,207
137,0,202
137,0,201
137,0,200
137,0,198
137,0,194
137,0,193
137,0,192
137,0,190
137,0,189
137,0,188
137,0,186
137,0,183
137,1,178
137,1,177
137,1,163
137,1,162
137,0,127
137,0,121
137,0,106
137,0,105
137,0,100
137,0,99
137,0,98
137,0,95
137,0,94
137,0,93
137,0,91
137,0,88
137,0,86
137,0,85
137,0,83
137,0,80
137,0,79
137,0,78
137,0,77
137,0,76
137,0,73
137,0,72
137,0,71
137,0,70
137,0,67
137,0,66
137,0,65
137,0,63
137,0,62
137,0,60
137,0,58
137,1,41
137,1,39
137,1,33
137,0,32
137,1,31
137,1,30
137,1,29
137,1,28
137,0,27
137,1,24
137,1,22
137,1,21
137,1,11
137,1,10
137,1,9
137,1,7
137,1,6
137,1,5
136,0,335
136,0,329
136,0,324
136,0,323
136,0,318
136,0,317
136,1,314
136,0,307
136,0,306
136,0,305
136,1,303
136,0,297
136,1,291
136,0,288
136,0,286
136,0,284
136,0,283
136,0,281
136,0,280
136,0,278
136,0,276
136,0,274
136,0,272
136,0,271
136,0,270
136,0,269
136,0,268
136,0,267
136,0,266
136,0,265
136,0,264
136,0,262
136,0,261
136,0,260
136,0,258
136,0,256
136,0,254
136,0,252
136,0,248
136,0,242
136,0,238
136,0,237
136,0,236
136,0,235
136,0,233
136,0,232
136,0,231
136,0,230
136,0,229
136,0,228
136,0,226
136,0,225
136,0,224
136,0,223
136,0,221
136,0,218
136,1,215
136,0,210
136,0,208
136,0,206
136,0,204
136,0,203
136,0,202
136,0,201
136,0,200
136,0,198
136,0,193
136,0,192
136,0,186
136,0,183
136,0,181
136,0,179
136,1,177
136,1,174
136,1,173
136,0,172
136,0,171
136,1,162
136,1,161
136,0,158
136,0,157
136,0,147
136,0,144
136,0,141
136,0,140
136,0,138
136,0,137
136,0,136
136,0,134
136,0,132
136,0,131
136,0,127
136,0,126
136,0,125
136,0,123
136,0,121
136,1,119
136,0,118
136,0,117
136,0,114
136,0,105
136,0,101
136,0,100
136,0,99
136,0,95
136,0,94
136,0,93
136,0,92
136,0,91
136,0,88
136,0,85
136,0,80
136,0,79
136,0,73
136,0,71
136,0,70
136,0,69
136,0,67
136,0,65
136,0,64
136,0,63
136,0,62
136,0,60
136,0,58
136,0,55
136,1,50
136,1,49
136,1,48
136,1,47
136,1,45
136,1,40
136,1,34
136,1,33
136,0,32
136,0,27
136,1,22
136,1,21
136,1,20
136,1,19
136,1,17
136,1,12
136,1,11
136,1,9
136,1,7
136,1,6
136,1,5
136,1,4
136,0,3
136,1,2
136,1,0
135,0,340
135,0,339
135,0,337
135,0,329
135,0,328
135,0,327
135,0,308
135,0,307
135,0,301
135,0,298
135,0,297
135,0,286
135,0,285
135,0,284
135,0,283
135,0,281
135,0,280
135,0,279
135,0,278
135,0,277
135,0,276
135,0,275
135,0,274
135,0,273
135,0,272
135,0,271
135,0,270
135,0,269
135,0,268
135,0,267
135,0,266
135,0,265
135,0,264
135,0,263
135,0,262
135,0,261
135,0,260
135,0,259
135,0,258
135,0,257
135,0,256
135,0,255
135,0,254
135,0,253
135,0,252
135,0,251
135,0,250
135,0,249
135,0,248
135,0,245
135,0,243
135,0,242
135,0,238
135,0,237
135,0,236
135,0,233
135,0,232
135,0,230
135,0,229
135,0,228
135,0,226
135,0,225
135,0,224
135,0,223
135,0,221
135,0,220
135,0,218
135,0,210
135,0,209
135,0,208
135,0,207
135,0,206
135,0,204
135,0,203
135,0,202
135,0,201
135,0,200
135,0,198
135,0,197
135,0,195
135,0,193
135,0,192
135,0,190
135,0,189
135,0,186
135,0,185
135,0,184
135,0,183
135,1,177
135,0,175
135,0,174
135,0,168
135,0,167
135,0,166
135,0,165
135,1,162
135,0,158
135,0,157
135,0,156
135,0,155
135,0,153
135,0,151
135,0,149
135,0,148
135,0,147
135,0,146
135,0,145
135,0,144
135,0,143
135,0,142
135,0,141
135,0,140
135,0,138
135,0,137
135,0,136
135,0,135
135,0,134
135,0,133
135,0,132
135,0,131
135,0,130
135,0,129
135,0,128
135,0,127
135,0,126
135,0,125
135,0,123
135,0,122
135,0,121
135,0,120
135,0,119
135,0,118
135,0,117
135,0,116
135,0,114
135,0,113
135,0,112
135,0,110
135,0,109
135,0,108
135,0,105
135,0,103
135,0,102
135,0,101
135,0,100
135,0,99
135,0,98
135,0,97
135,0,95
135,0,94
135,0,93
135,0,92
135,0,91
135,0,89
135,0,88
135,0,85
135,0,83
135,0,80
135,0,79
135,0,78
135,0,77
135,0,76
135,0,75
135,0,73
135,0,72
135,0,71
135,0,70
135,0,69
135,0,67
135,0,65
135,0,64
135,0,63
135,0,62
135,0,61
135,0,60
135,0,58
135,0,57
135,0,53
135,1,49
135,0,48
135,0,47
135,0,46
135,0,44
135,0,42
135,0,37
135,0,35
135,1,33
135,0,32
135,0,27
135,1,22
135,1,20
135,0,16
135,0,13
135,1,11
135,1,10
135,0,6
135,1,4
135,0,3
134,0,340
134,0,339
134,0,335
134,0,333
134,0,329
134,0,308
134,0,304
134,0,301
134,0,286
134,0,284
134,0,283
134,0,281
134,0,279
134,0,278
134,0,275
134,0,274
134,0,273
134,0,272
134,0,271
134,0,270
134,0,269
134,0,268
134,0,267
134,0,266
134,0,265
134,0,264
134,0,263
134,0,262
134,0,261
134,0,260
134,0,259
134,0,258
134,0,257
134,0,255
134,0,254
134,0,252
134,0,248
134,0,243
134,0,242
134,0,241
134,0,236
134,0,235
134,0,234
134,0,233
134,0,232
134,0,231
134,0,230
134,0,229
134,0,228
134,0,226
134,0,225
134,0,224
134,0,223
134,0,221
134,0,220
134,0,218
134,0,210
134,0,207
134,0,206
134,0,203
134,0,202
134,0,201
134,0,200
134,0,198
134,0,193
134,0,192
134,0,190
134,0,189
134,0,184
134,0,183
134,1,177
134,1,161
134,0,159
134,0,158
134,0,157
134,0,156
134,0,155
134,0,149
134,0,148
134,0,147
134,0,146
134,0,144
134,0,143
134,0,142
134,0,141
134,0,138
134,0,136
134,0,134
134,0,132
134,0,131
134,0,129
134,0,128
134,0,127
134,0,125
134,0,123
134,0,122
134,0,121
134,0,118
134,0,117
134,0,116
134,0,114
134,0,112
134,0,109
134,0,105
134,0,103
134,0,101
134,0,100
134,0,99
134,0,97
134,0,95
134,0,94
134,0,93
134,0,92
134,0,91
134,0,89
134,0,88
134,0,86
134,0,85
134,0,80
134,0,78
134,0,73
134,0,70
134,0,69
134,0,67
134,0,65
134,0,64
134,0,60
134,0,58
134,1,49
134,0,46
134,0,44
134,0,37
134,1,33
134,1,28
134,1,22
134,1,20
134,1,19
134,1,17
134,1,12
134,1,11
134,1,10
134,1,7
134,0,3
133,0,333
133,0,329
133,1,314
133,0,305
133,0,304
133,0,301
133,0,298
133,0,286
133,0,283
133,0,281
133,0,280
133,0,278
133,0,277
133,0,276
133,0,272
133,0,271
133,0,270
133,0,269
133,0,268
133,0,267
133,0,266
133,0,265
133,0,264
133,0,263
133,0,262
133,0,261
133,0,260
133,0,259
133,0,258
133,0,257
133,0,254
133,0,252
133,0,248
133,0,243
133,0,242
133,0,238
133,0,236
133,0,233
133,0,232
133,0,231
133,0,230
133,0,229
133,0,228
133,0,226
133,0,225
133,0,224
133,0,221
133,0,220
133,0,218
133,0,214
133,0,213
133,0,210
133,0,209
133,0,207
133,0,206
133,0,203
133,0,202
133,0,201
133,0,200
133,0,198
133,0,197
133,0,196
133,0,195
133,0,193
133,0,192
133,0,189
133,0,186
133,0,183
133,0,167
133,1,162
133,1,161
133,0,159
133,0,158
133,0,157
133,0,153
133,0,148
133,0,147
133,0,146
133,0,144
133,0,143
133,0,142
133,0,140
133,0,137
133,0,136
133,0,134
133,0,133
133,0,132
133,0,131
133,0,129
133,0,127
133,0,123
133,0,122
133,0,121
133,0,119
133,0,118
133,0,117
133,0,116
133,0,114
133,0,113
133,0,109
133,0,108
133,0,107
133,0,105
133,0,103
133,0,100
133,0,99
133,0,95
133,0,94
133,0,93
133,0,91
133,0,89
133,0,88
133,0,85
133,0,80
133,0,79
133,0,78
133,0,73
133,0,72
133,0,71
133,0,70
133,0,69
133,0,67
133,0,65
133,0,64
133,0,63
133,0,62
133,0,60
133,0,58
133,1,50
133,1,49
133,0,44
133,1,40
133,1,33
133,0,32
133,1,28
133,1,22
133,1,21
133,1,20
133,1,12
133,1,11
133,1,9
133,1,7
133,1,4
133,1,2
132,0,339
132,0,329
132,0,328
132,0,327
132,1,316
132,1,314
132,0,304
132,0,303
132,0,301
132,0,298
132,0,297
132,0,286
132,0,285
132,0,284
132,0,283
132,0,282
132,0,281
132,0,280
132,0,279
132,0,278
132,0,277
132,0,276
132,0,274
132,0,273
132,0,272
132,0,271
132,0,270
132,0,269
132,0,268
132,0,267
132,0,266
132,0,265
132,0,264
132,0,263
132,0,260
132,0,259
132,0,258
132,0,257
132,0,256
132,0,255
132,0,254
132,0,253
132,0,252
132,0,251
132,0,250
132,0,249
132,0,248
132,0,243
132,0,242
132,0,236
132,0,233
132,0,230
132,0,226
132,0,225
132,0,224
132,0,223
132,0,221
132,0,220
132,0,218
132,0,217
132,0,216
132,0,215
132,0,214
132,0,213
132,0,212
132,0,210
132,0,209
132,0,208
132,0,207
132,0,206
132,0,204
132,0,203
132,0,202
132,0,201
132,0,200
132,0,198
132,0,197
132,0,196
132,0,195
132,0,193
132,0,192
132,0,190
132,0,189
132,0,186
132,0,185
132,0,184
132,0,183
132,0,176
132,0,175
132,0,174
132,0,168
132,0,167
132,0,166
132,1,162
132,0,158
132,0,157
132,0,147
132,0,146
132,0,144
132,0,142
132,0,141
132,0,140
132,0,138
132,0,137
132,0,136
132,0,135
132,0,133
132,0,132
132,0,131
132,0,129
132,0,127
132,0,123
132,0,122
132,0,121
132,0,120
132,0,118
132,0,117
132,0,116
132,0,114
132,0,112
132,0,109
132,0,108
132,0,107
132,0,105
132,0,103
132,0,100
132,0,99
132,0,95
132,0,93
132,0,91
132,0,88
132,0,87
132,0,86
132,0,85
132,0,84
132,0,83
132,0,82
132,0,81
132,0,80
132,0,79
132,0,78
132,0,77
132,0,76
132,0,75
132,0,73
132,0,71
132,0,70
132,0,69
132,0,67
132,0,66
132,0,65
132,0,64
132,0,63
132,0,62
132,0,60
132,0,58
132,0,57
132,0,50
132,1,49
132,0,46
132,0,44
132,0,37
132,1,34
132,1,33
132,1,28
132,1,24
132,0,22
132,0,14
132,0,13
132,1,11
132,1,6
132,1,4
132,1,2
131,0,333
131,0,332
131,0,331
131,0,329
131,0,327
131,0,308
131,0,304
131,0,302
131,0,301
131,0,280
131,0,250
131,0,244
131,0,243
131,0,242
131,0,240
131,0,239
131,0,236
131,0,234
131,0,233
131,0,232
131,0,231
131,0,230
131,0,229
131,0,228
131,0,226
131,0,225
131,0,224
131,0,223
131,0,222
131,0,221
131,0,220
131,0,218
131,0,217
131,0,214
131,0,213
131,0,211
131,0,210
131,0,208
131,0,206
131,0,204
131,0,203
131,0,202
131,0,201
131,0,200
131,0,198
131,0,197
131,0,195
131,0,193
131,0,192
131,0,191
131,0,190
131,0,189
131,0,186
131,0,184
131,0,183
131,0,175
131,0,174
131,0,167
131,1,162
131,0,160
131,0,134
131,0,127
131,0,122
131,0,121
131,0,117
131,0,108
131,0,106
131,0,105
131,0,104
131,0,103
131,0,100
131,0,99
131,0,95
131,0,94
131,0,93
131,0,92
131,0,91
131,0,90
131,0,88
131,0,86
131,0,85
131,0,83
131,0,82
131,0,80
131,0,79
131,0,78
131,0,77
131,0,76
131,0,75
131,0,74
131,0,73
131,0,72
131,0,71
131,0,69
131,0,67
131,0,65
131,0,64
131,0,63
131,0,62
131,0,60
131,0,59
131,0,58
131,0,57
131,0,39
131,0,37
131,0,36
131,1,33
131,1,30
131,1,28
131,0,27
131,1,22
131,1,21
131,1,20
131,1,11
131,1,10
131,1,7
131,1,6
130,0,339
130,0,329
130,0,308
130,0,304
130,0,301
130,0,298
130,0,297
130,0,286
130,0,285
130,0,284
130,0,283
130,0,282
130,0,281
130,0,280
130,0,279
130,0,278
130,0,277
130,0,276
130,0,275
130,0,274
130,0,272
130,0,271
130,0,270
130,0,269
130,0,268
130,0,267
130,0,266
130,0,265
130,0,264
130,0,263
130,0,262
130,0,261
130,0,260
130,0,259
130,0,258
130,0,257
130,0,255
130,0,254
130,0,253
130,0,252
130,0,251
130,0,250
130,0,249
130,0,248
130,0,245
130,0,243
130,0,242
130,0,237
130,0,236
130,0,235
130,0,231
130,0,230
130,0,229
130,0,228
130,0,226
130,0,225
130,0,224
130,0,223
130,0,221
130,0,220
130,0,218
130,1,215
130,0,211
130,0,210
130,0,207
130,0,206
130,0,203
130,0,202
130,0,201
130,0,200
130,0,198
130,0,193
130,0,192
130,0,189
130,0,186
130,0,183
130,1,177
130,0,168
130,1,163
130,1,162
130,1,161
130,0,159
130,0,158
130,0,157
130,0,156
130,0,155
130,0,153
130,0,152
130,0,151
130,0,150
130,0,149
130,0,148
130,0,147
130,0,146
130,0,144
130,0,143
130,0,142
130,0,141
130,0,140
130,0,138
130,0,137
130,0,136
130,0,135
130,0,134
130,0,132
130,0,131
130,0,130
130,0,129
130,0,128
130,0,127
130,0,126
130,0,125
130,0,123
130,0,122
130,0,121
130,0,119
130,0,118
130,0,117
130,0,116
130,0,115
130,0,114
130,0,113
130,0,112
130,0,109
130,0,108
130,0,107
130,0,105
130,0,103
130,0,101
130,0,100
130,0,99
130,0,98
130,0,95
130,0,94
130,0,93
130,0,92
130,0,91
130,0,89
130,0,88
130,0,80
130,0,79
130,0,78
130,0,73
130,0,72
130,0,70
130,0,69
130,0,67
130,0,65
130,0,64
130,0,62
130,0,60
130,0,58
130,0,51
130,1,49
130,0,46
130,0,44
130,0,39
130,0,37
130,0,36
130,1,33
130,0,32
130,1,28
130,1,26
130,1,24
130,1,20
130,1,17
130,1,12
130,1,11
130,1,5
130,1,4
130,0,3
129,0,339
129,0,337
129,0,333
129,0,330
129,0,329
129,0,312
129,1,311
129,0,307
129,0,301
129,0,297
129,0,285
129,0,284
129,0,283
129,0,281
129,0,279
129,0,278
129,0,277
129,0,276
129,0,274
129,0,272
129,0,271
129,0,270
129,0,269
129,0,268
129,0,267
129,0,266
129,0,265
129,0,264
129,0,262
129,0,261
129,0,260
129,0,259
129,0,258
129,0,255
129,0,254
129,0,252
129,0,251
129,0,250
129,0,249
129,0,248
129,0,245
129,0,243
129,0,242
129,0,238
129,0,236
129,0,230
129,0,229
129,0,228
129,0,226
129,0,225
129,0,224
129,0,223
129,0,221
129,0,220
129,0,218
129,1,215
129,0,214
129,0,213
129,0,210
129,0,209
129,0,207
129,0,206
129,0,204
129,0,203
129,0,202
129,0,201
129,0,200
129,0,198
129,0,196
129,0,195
129,0,193
129,0,192
129,0,191
129,0,189
129,0,186
129,0,183
129,1,177
129,0,175
129,0,166
129,1,162
129,1,161
129,0,158
129,0,157
129,0,156
129,0,153
129,0,151
129,0,147
129,0,146
129,0,144
129,0,143
129,0,142
129,0,141
129,0,138
129,0,136
129,0,135
129,0,134
129,0,133
129,0,132
129,0,131
129,0,130
129,0,129
129,0,128
129,0,127
129,0,126
129,0,125
129,0,123
129,0,122
129,0,121
129,0,118
129,0,117
129,0,116
129,0,115
129,0,114
129,0,112
129,0,109
129,0,108
129,0,107
129,0,103
129,0,101
129,0,100
129,0,99
129,0,98
129,0,95
129,0,94
129,0,93
129,0,92
129,0,88
129,0,85
129,0,83
129,0,82
129,0,80
129,0,79
129,0,78
129,0,77
129,0,73
129,0,72
129,0,71
129,0,70
129,0,69
129,0,67
129,0,65
129,0,64
129,0,63
129,0,62
129,0,60
129,0,58
129,1,49
129,0,46
129,0,36
129,1,33
129,1,31
129,1,30
129,1,29
129,1,28
129,0,27
129,1,22
129,1,19
129,0,13
129,1,11
129,1,6
129,1,5
129,1,4
129,0,3
128,0,343
128,0,340
128,0,339
128,0,337
128,0,333
128,0,329
128,0,308
128,0,307
128,0,301
128,0,298
128,0,297
128,0,286
128,0,285
128,0,284
128,0,283
128,0,282
128,0,281
128,0,280
128,0,279
128,0,278
128,0,277
128,0,276
128,0,274
128,0,273
128,0,272
128,0,271
128,0,270
128,0,269
128,0,268
128,0,267
128,0,266
128,0,265
128,0,264
128,0,263
128,0,262
128,0,261
128,0,260
128,0,259
128,0,258
128,0,257
128,0,255
128,0,254
128,0,253
128,0,252
128,0,251
128,0,250
128,0,249
128,0,248
128,0,245
128,0,243
128,0,242
128,0,241
128,0,238
128,0,237
128,0,236
128,0,235
128,0,233
128,0,232
128,0,231
128,0,230
128,0,229
128,0,228
128,0,226
128,0,225
128,0,224
128,0,223
128,0,221
128,0,220
128,0,218
128,0,217
128,0,214
128,0,213
128,0,204
128,0,202
128,0,201
128,0,200
128,0,198
128,0,193
128,0,192
128,0,189
128,0,186
128,0,183
128,1,177
128,0,167
128,0,165
128,1,162
128,0,159
128,0,158
128,0,157
128,0,156
128,0,155
128,0,154
128,0,153
128,0,151
128,0,150
128,0,149
128,0,148
128,0,147
128,0,146
128,0,144
128,0,143
128,0,142
128,0,141
128,0,138
128,0,137
128,0,136
128,0,135
128,0,134
128,0,133
128,0,132
128,0,131
128,0,130
128,0,129
128,0,128
128,0,127
128,0,126
128,0,125
128,0,123
128,0,122
128,0,121
128,0,120
128,0,118
128,0,117
128,0,116
128,0,115
128,0,114
128,0,112
128,0,110
128,0,109
128,0,108
128,0,107
128,0,105
128,0,103
128,0,102
128,0,101
128,0,100
128,0,99
128,0,98
128,0,97
128,0,95
128,0,94
128,0,93
128,0,92
128,0,91
128,0,88
128,0,85
128,0,83
128,0,80
128,0,79
128,0,78
128,0,76
128,0,74
128,0,73
128,0,72
128,0,71
128,0,70
128,0,69
128,0,67
128,0,65
128,0,64
128,0,62
128,0,60
128,0,58
128,0,53
128,0,52
128,0,50
128,0,46
128,0,44
128,0,42
128,0,39
128,0,37
128,0,36
128,1,33
128,0,32
128,1,28
128,1,19
128,1,17
128,1,11
128,0,9
128,1,4
128,0,3
127,0,340
127,0,339
127,0,337
127,0,333
127,0,330
127,0,329
127,0,327
127,0,326
127,0,313
127,0,308
127,0,307
127,0,306
127,0,305
127,0,304
127,0,301
127,0,298
127,0,297
127,0,294
127,0,286
127,0,285
127,0,284
127,0,283
127,0,282
127,0,281
127,0,280
127,0,279
127,0,278
127,0,277
127,0,276
127,0,274
127,0,273
127,0,272
127,0,271
127,0,270
127,0,269
127,0,268
127,0,267
127,0,266
127,0,265
127,0,264
127,0,263
127,0,262
127,0,261
127,0,260
127,0,259
127,0,258
127,0,257
127,0,256
127,0,255
127,0,254
127,0,252
127,0,251
127,0,250
127,0,249
127,0,248
127,0,245
127,0,243
127,0,242
127,0,241
127,0,238
127,0,237
127,0,236
127,0,235
127,0,233
127,0,232
127,0,231
127,0,230
127,0,229
127,0,228
127,0,226
127,0,225
127,0,224
127,0,223
127,0,221
127,0,220
127,0,218
127,0,210
127,0,208
127,0,207
127,0,206
127,0,203
127,0,202
127,0,201
127,0,200
127,0,198
127,0,196
127,0,193
127,0,192
127,0,191
127,0,190
127,0,189
127,0,186
127,0,184
127,0,183
127,1,177
127,0,175
127,0,168
127,0,167
127,0,166
127,1,162
127,0,159
127,0,158
127,0,157
127,0,156
127,0,155
127,0,152
127,0,151
127,0,150
127,0,149
127,0,148
127,0,147
127,0,146
127,0,144
127,0,142
127,0,141
127,0,140
127,0,138
127,0,137
127,0,136
127,0,135
127,0,134
127,0,133
127,0,132
127,0,131
127,0,130
127,0,129
127,0,128
127,0,127
127,0,126
127,0,125
127,0,123
127,0,122
127,0,121
127,0,119
127,0,118
127,0,117
127,0,116
127,0,115
127,0,114
127,0,113
127,0,112
127,0,109
127,0,108
127,0,107
127,0,105
127,0,103
127,0,101
127,0,100
127,0,99
127,0,97
127,0,96
127,0,95
127,0,94
127,0,93
127,0,92
127,0,91
127,0,88
127,0,86
127,0,85
127,0,83
127,0,80
127,0,79
127,0,75
127,0,73
127,0,72
127,0,71
127,0,70
127,0,69
127,0,67
127,0,65
127,0,64
127,0,62
127,0,60
127,0,58
127,0,56
127,0,53
127,0,46
127,0,44
127,0,42
127,0,39
127,0,38
127,0,37
127,0,35
127,1,33
127,0,31
127,0,29
127,1,28
127,1,24
127,1,20
127,1,19
127,1,17
127,0,13
127,1,11
127,1,4
126,0,335
126,0,333
126,0,329
126,1,314
126,0,313
126,0,308
126,0,307
126,0,298
126,0,297
126,0,286
126,0,285
126,0,283
126,0,282
126,0,281
126,0,279
126,0,278
126,0,277
126,0,276
126,0,275
126,0,274
126,0,272
126,0,271
126,0,270
126,0,269
126,0,268
126,0,267
126,0,265
126,0,263
126,0,262
126,0,261
126,0,260
126,0,259
126,0,258
126,0,257
126,0,255
126,0,254
126,0,252
126,0,251
126,0,248
126,0,243
126,0,242
126,0,239
126,0,238
126,0,237
126,0,236
126,0,233
126,0,232
126,0,230
126,0,229
126,0,228
126,0,226
126,0,225
126,0,224
126,0,223
126,0,221
126,0,220
126,0,218
126,0,213
126,0,210
126,0,209
126,0,207
126,0,206
126,0,204
126,0,203
126,0,202
126,0,201
126,0,200
126,0,198
126,0,197
126,0,196
126,0,195
126,0,193
126,0,192
126,0,190
126,0,189
126,0,188
126,0,186
126,0,184
126,0,183
126,0,167
126,0,158
126,0,157
126,0,156
126,0,153
126,0,147
126,0,146
126,0,144
126,0,143
126,0,142
126,0,138
126,0,136
126,0,135
126,0,132
126,0,131
126,0,127
126,0,126
126,0,123
126,0,121
126,0,119
126,0,116
126,0,114
126,0,109
126,0,107
126,0,105
126,0,103
126,0,100
126,0,99
126,0,98
126,0,97
126,0,95
126,0,94
126,0,93
126,0,92
126,0,91
126,0,88
126,0,85
126,0,80
126,0,79
126,0,78
126,0,76
126,0,74
126,0,73
126,0,72
126,0,71
126,0,67
126,0,65
126,0,64
126,0,60
126,0,58
126,0,56
126,1,49
126,0,44
126,0,37
126,0,35
126,1,33
126,0,32
126,1,30
126,0,27
126,1,22
126,1,21
126,1,20
126,1,19
126,1,17
126,0,13
126,1,12
126,1,11
126,1,4
125,0,339
125,0,337
125,0,334
125,0,333
125,0,329
125,0,328
125,0,325
125,0,313
125,0,309
125,0,308
125,0,304
125,0,301
125,0,298
125,0,297
125,0,294
125,0,286
125,0,285
125,0,284
125,0,283
125,0,282
125,0,281
125,0,280
125,0,279
125,0,278
125,0,277
125,0,276
125,0,275
125,0,274
125,0,273
125,0,272
125,0,271
125,0,270
125,0,269
125,0,268
125,0,267
125,0,266
125,0,265
125,0,264
125,0,263
125,0,262
125,0,261
125,0,260
125,0,259
125,0,258
125,0,257
125,0,255
125,0,254
125,0,253
125,0,252
125,0,251
125,0,250
125,0,249
125,0,248
125,0,245
125,0,243
125,0,242
125,0,241
125,0,239
125,0,238
125,0,237
125,0,236
125,0,235
125,0,233
125,0,232
125,0,230
125,0,229
125,0,228
125,0,227
125,0,226
125,0,225
125,0,224
125,0,223
125,0,221
125,0,220
125,0,218
125,0,217
125,0,213
125,0,210
125,0,209
125,0,208
125,0,207
125,0,206
125,0,204
125,0,203
125,0,202
125,0,201
125,0,200
125,0,198
125,0,197
125,0,195
125,0,193
125,0,192
125,0,190
125,0,189
125,0,188
125,0,186
125,0,184
125,0,183
125,0,175
125,0,167
125,0,166
125,1,162
125,1,161
125,0,159
125,0,158
125,0,157
125,0,156
125,0,153
125,0,152
125,0,151
125,0,149
125,0,147
125,0,146
125,0,145
125,0,144
125,0,142
125,0,141
125,0,138
125,0,137
125,0,136
125,0,135
125,0,134
125,0,133
125,0,132
125,0,131
125,0,130
125,0,129
125,0,128
125,0,127
125,0,126
125,0,125
125,0,123
125,0,122
125,0,121
125,0,120
125,0,119
125,0,118
125,0,117
125,0,116
125,0,115
125,0,114
125,0,113
125,0,112
125,0,110
125,0,109
125,0,108
125,0,107
125,0,105
125,0,103
125,0,101
125,0,100
125,0,99
125,0,98
125,0,97
125,0,96
125,0,95
125,0,94
125,0,93
125,0,92
125,0,91
125,0,89
125,0,88
125,0,86
125,0,85
125,0,83
125,0,80
125,0,79
125,0,78
125,0,77
125,0,76
125,0,74
125,0,73
125,0,72
125,0,71
125,0,70
125,0,69
125,0,67
125,0,65
125,0,64
125,0,62
125,0,60
125,0,58
125,0,56
125,0,52
125,1,49
125,0,48
125,0,46
125,0,44
125,0,42
125,0,37
125,0,35
125,0,32
125,0,25
125,0,16
125,0,14
125,0,13
125,1,11
125,1,10
125,1,4
124,0,337
124,0,333
124,0,330
124,0,329
124,0,305
124,0,302
124,0,298
124,0,286
124,0,284
124,0,283
124,0,282
124,0,281
124,0,280
124,0,279
124,0,278
124,0,277
124,0,276
124,0,274
124,0,273
124,0,272
124,0,271
124,0,270
124,0,269
124,0,268
124,0,267
124,0,266
124,0,264
124,0,263
124,0,262
124,0,260
124,0,259
124,0,258
124,0,257
124,0,256
124,0,255
124,0,254
124,0,253
124,0,252
124,0,251
124,0,250
124,0,248
124,0,247
124,0,246
124,0,245
124,0,244
124,0,243
124,0,242
124,0,240
124,0,239
124,0,238
124,0,237
124,0,236
124,0,235
124,0,233
124,0,232
124,0,230
124,0,229
124,0,228
124,0,226
124,0,225
124,0,224
124,0,223
124,0,221
124,0,220
124,0,218
124,0,210
124,0,209
124,0,208
124,0,206
124,0,204
124,0,203
124,0,202
124,0,201
124,0,200
124,0,198
124,0,196
124,0,195
124,0,194
124,0,193
124,0,192
124,0,191
124,0,189
124,0,186
124,0,183
124,0,175
124,0,167
124,0,166
124,1,162
124,1,161
124,0,159
124,0,158
124,0,148
124,0,147
124,0,146
124,0,144
124,0,142
124,0,141
124,0,140
124,0,139
124,0,138
124,0,137
124,0,136
124,0,135
124,0,134
124,0,132
124,0,131
124,0,129
124,0,128
124,0,127
124,0,125
124,0,124
124,0,123
124,0,122
124,0,121
124,0,119
124,0,118
124,0,117
124,0,116
124,0,115
124,0,113
124,0,112
124,0,109
124,0,107
124,0,106
124,0,105
124,0,104
124,0,103
124,0,101
124,0,100
124,0,99
124,0,98
124,0,94
124,0,93
124,0,91
124,0,89
124,0,88
124,0,85
124,0,80
124,0,79
124,0,77
124,0,76
124,0,75
124,0,73
124,0,72
124,0,71
124,0,70
124,0,69
124,0,67
124,0,65
124,0,64
124,0,63
124,0,62
124,0,60
124,0,59
124,0,58
124,1,49
124,0,47
124,0,44
124,0,39
124,1,33
124,0,32
124,1,30
124,1,24
124,1,22
124,1,20
124,1,19
124,0,13
124,1,11
124,1,7
124,1,4
124,1,2
123,0,333
123,0,329
123,1,314
123,1,311
123,0,308
123,1,305
123,0,302
123,0,301
123,0,298
123,0,286
123,0,285
123,0,283
123,0,282
123,0,281
123,0,279
123,0,278
123,0,277
123,0,276
123,0,275
123,0,274
123,0,272
123,0,271
123,0,270
123,0,269
123,0,268
123,0,267
123,0,266
123,0,264
123,0,262
123,0,261
123,0,260
123,0,259
123,0,258
123,0,255
123,0,254
123,0,252
123,0,251
123,0,248
123,0,245
123,0,243
123,0,242
123,0,238
123,0,236
123,0,233
123,0,232
123,0,230
123,0,229
123,0,228
123,0,226
123,0,225
123,0,224
123,0,223
123,0,221
123,0,220
123,0,218
123,1,215
123,0,211
123,0,210
123,0,207
123,0,206
123,0,203
123,0,202
123,0,201
123,0,200
123,0,198
123,0,197
123,0,193
123,0,192
123,0,189
123,0,183
123,0,165
123,1,161
123,0,158
123,0,157
123,0,156
123,0,151
123,0,147
123,0,146
123,0,144
123,0,143
123,0,142
123,0,141
123,0,138
123,0,136
123,0,135
123,0,134
123,0,132
123,0,131
123,0,129
123,0,128
123,0,127
123,0,125
123,0,123
123,0,122
123,0,121
123,0,119
123,0,118
123,0,117
123,0,116
123,0,112
123,0,109
123,0,108
123,0,107
123,0,103
123,0,100
123,0,99
123,0,95
123,0,94
123,0,93
123,0,91
123,0,89
123,0,88
123,0,79
123,0,78
123,0,77
123,0,76
123,0,73
123,0,72
123,0,70
123,0,67
123,0,65
123,0,64
123,0,63
123,0,62
123,0,60
123,0,58
123,1,50
123,1,49
123,0,46
123,1,44
123,1,34
123,1,33
123,0,32
123,1,31
123,1,30
123,1,29
123,1,28
123,1,26
123,1,25
123,1,24
123,1,22
123,1,21
123,1,20
123,1,11
123,1,10
123,1,7
123,1,4
123,0,3
122,0,337
122,0,333
122,0,329
122,0,327
122,0,308
122,0,304
122,0,302
122,0,301
122,0,298
122,0,297
122,0,286
122,0,285
122,0,284
122,0,283
122,0,281
122,0,279
122,0,278
122,0,276
122,0,272
122,0,271
122,0,270
122,0,269
122,0,268
122,0,267
122,0,266
122,0,265
122,0,264
122,0,263
122,0,262
122,0,261
122,0,260
122,0,259
122,0,258
122,0,257
122,0,255
122,0,254
122,0,252
122,0,251
122,0,250
122,0,248
122,0,245
122,0,243
122,0,242
122,0,236
122,0,233
122,0,232
122,0,231
122,0,230
122,0,229
122,0,228
122,0,226
122,0,225
122,0,224
122,0,223
122,0,221
122,0,220
122,0,218
122,0,217
122,0,216
122,0,214
122,0,213
122,0,212
122,0,210
122,0,209
122,0,208
122,0,206
122,0,204
122,0,203
122,0,202
122,0,201
122,0,200
122,0,198
122,0,193
122,0,192
122,0,191
122,0,190
122,0,189
122,0,186
122,0,184
122,0,183
122,0,175
122,0,167
122,0,166
122,1,162
122,1,161
122,0,159
122,0,158
122,0,157
122,0,156
122,0,150
122,0,147
122,0,146
122,0,144
122,0,143
122,0,141
122,0,138
122,0,136
122,0,135
122,0,134
122,0,132
122,0,131
122,0,129
122,0,127
122,0,126
122,0,125
122,0,123
122,0,122
122,0,121
122,0,120
122,0,118
122,0,117
122,0,116
122,0,114
122,0,109
122,0,105
122,0,103
122,0,101
122,0,100
122,0,99
122,0,95
122,0,94
122,0,93
122,0,91
122,0,89
122,0,88
122,0,86
122,0,85
122,0,83
122,0,82
122,0,81
122,0,80
122,0,79
122,0,78
122,0,77
122,0,75
122,0,74
122,0,73
122,0,72
122,0,71
122,0,67
122,0,65
122,0,64
122,0,63
122,0,62
122,0,60
122,0,58
122,1,53
122,1,52
122,1,49
122,0,46
122,0,44
122,1,40
122,0,37
122,1,34
122,1,33
122,1,32
122,1,31
122,1,28
122,0,27
122,1,26
122,1,24
122,1,22
122,1,20
122,1,19
122,1,17
122,0,16
122,0,14
122,1,12
122,1,11
122,1,4
122,0,3
122,1,2
121,0,329
121,0,328
121,0,327
121,1,314
121,0,310
121,0,307
121,0,304
121,0,298
121,0,297
121,0,284
121,0,283
121,0,281
121,0,278
121,0,276
121,0,274
121,0,272
121,0,271
121,0,270
121,0,269
121,0,268
121,0,267
121,0,266
121,0,264
121,0,263
121,0,262
121,0,261
121,0,260
121,0,259
121,0,258
121,0,257
121,0,255
121,0,254
121,0,252
121,0,249
121,0,248
121,0,247
121,0,244
121,0,243
121,0,242
121,0,240
121,0,239
121,0,238
121,0,237
121,0,236
121,0,233
121,0,232
121,0,230
121,0,229
121,0,228
121,0,226
121,0,225
121,0,224
121,0,223
121,0,221
121,0,220
121,0,218
121,0,214
121,0,210
121,0,209
121,0,207
121,0,206
121,0,204
121,0,203
121,0,202
121,0,201
121,0,200
121,0,198
121,0,197
121,0,196
121,0,193
121,0,192
121,0,191
121,0,190
121,0,189
121,0,188
121,0,186
121,0,184
121,0,183
121,0,175
121,0,167
121,0,166
121,1,162
121,0,160
121,0,159
121,0,158
121,0,157
121,0,156
121,0,153
121,0,151
121,0,149
121,0,147
121,0,144
121,0,143
121,0,142
121,0,141
121,0,140
121,0,139
121,0,136
121,0,134
121,0,132
121,0,131
121,0,129
121,0,127
121,0,126
121,0,125
121,0,123
121,0,122
121,0,121
121,0,119
121,0,118
121,0,117
121,0,116
121,0,108
121,0,106
121,0,105
121,0,103
121,0,101
121,0,100
121,0,99
121,0,97
121,0,95
121,0,94
121,0,93
121,0,92
121,0,91
121,0,89
121,0,88
121,0,86
121,0,85
121,0,80
121,0,79
121,0,78
121,0,76
121,0,75
121,0,72
121,0,71
121,0,70
121,0,67
121,0,65
121,0,64
121,0,63
121,0,62
121,0,60
121,0,58
121,0,51
121,1,49
121,0,46
121,0,44
121,1,40
121,1,33
121,0,32
121,1,30
121,1,28
121,0,27
121,1,22
121,1,21
121,0,13
121,1,11
121,1,9
121,1,4
121,1,0
120,0,342
120,0,337
120,0,333
120,0,329
120,0,328
120,0,326
120,0,325
120,0,324
120,0,323
120,0,318
120,0,317
120,0,312
120,0,307
120,0,306
120,1,303
120,0,301
120,0,298
120,0,297
120,0,286
120,0,284
120,0,283
120,0,281
120,0,280
120,0,276
120,0,275
120,0,274
120,0,272
120,0,271
120,0,270
120,0,269
120,0,268
120,0,267
120,0,266
120,0,264
120,0,262
120,0,261
120,0,260
120,0,259
120,0,258
120,0,255
120,0,254
120,0,253
120,0,252
120,0,250
120,0,249
120,0,248
120,0,247
120,0,246
120,0,244
120,0,243
120,0,240
120,0,239
120,0,238
120,0,236
120,0,235
120,0,232
120,0,231
120,0,230
120,0,229
120,0,228
120,0,227
120,0,226
120,0,224
120,0,223
120,0,221
120,0,220
120,0,218
120,0,214
120,0,210
120,0,209
120,0,208
120,0,206
120,0,204
120,0,203
120,0,202
120,0,201
120,0,200
120,0,198
120,0,197
120,0,196
120,0,195
120,0,193
120,0,192
120,0,191
120,0,190
120,0,189
120,0,188
120,0,186
120,0,184
120,0,183
120,0,181
120,1,177
120,0,175
120,0,174
120,0,167
120,0,166
120,1,161
120,0,157
120,0,153
120,0,152
120,0,151
120,0,149
120,0,148
120,0,147
120,0,146
120,0,145
120,0,144
120,0,142
120,0,141
120,0,140
120,0,139
120,0,138
120,0,137
120,0,136
120,0,135
120,0,134
120,0,132
120,0,131
120,0,130
120,0,129
120,0,128
120,0,127
120,0,126
120,0,125
120,0,123
120,0,122
120,0,121
120,0,119
120,0,118
120,0,116
120,0,114
120,0,113
120,0,112
120,0,110
120,0,109
120,0,108
120,0,107
120,0,106
120,0,105
120,0,104
120,0,103
120,0,101
120,0,100
120,0,99
120,0,98
120,0,97
120,0,96
120,0,95
120,0,94
120,0,93
120,0,91
120,0,89
120,0,88
120,0,86
120,0,85
120,0,80
120,0,79
120,0,78
120,0,75
120,0,73
120,0,71
120,0,70
120,0,69
120,0,67
120,0,65
120,0,64
120,0,63
120,0,60
120,0,56
120,0,54
120,1,51
120,1,49
120,0,48
120,0,44
120,0,38
120,0,35
120,1,33
120,0,27
120,1,24
120,1,21
120,1,19
120,1,17
120,0,13
120,1,4
119,0,339
119,0,337
119,0,335
119,0,333
119,0,330
119,0,327
119,0,326
119,0,324
119,0,323
119,0,322
119,0,321
119,0,320
119,0,317
119,1,314
119,0,313
119,0,311
119,0,308
119,0,306
119,0,305
119,0,301
119,0,300
119,0,298
119,0,297
119,0,287
119,0,286
119,0,285
119,0,284
119,0,283
119,0,281
119,0,280
119,0,279
119,0,278
119,0,277
119,0,276
119,0,273
119,0,272
119,0,271
119,0,270
119,0,269
119,0,268
119,0,267
119,0,266
119,0,265
119,0,264
119,0,263
119,0,262
119,0,261
119,0,260
119,0,259
119,0,258
119,0,257
119,0,255
119,0,254
119,0,252
119,0,249
119,0,248
119,0,243
119,0,242
119,0,238
119,0,237
119,0,236
119,0,233
119,0,232
119,0,231
119,0,230
119,0,229
119,0,228
119,0,223
119,0,221
119,0,220
119,0,213
119,0,210
119,0,209
119,0,208
119,0,206
119,0,205
119,0,204
119,0,203
119,0,202
119,0,201
119,0,200
119,0,198
119,0,197
119,0,195
119,0,193
119,0,192
119,0,190
119,0,189
119,0,188
119,0,186
119,0,184
119,0,183
119,0,181
119,0,179
119,1,177
119,1,173
119,0,166
119,1,162
119,0,159
119,0,158
119,0,157
119,0,148
119,0,147
119,0,146
119,0,144
119,0,140
119,0,138
119,0,136
119,0,135
119,0,134
119,0,133
119,0,132
119,0,131
119,0,127
119,0,123
119,0,122
119,0,121
119,0,119
119,0,118
119,0,117
119,0,116
119,0,114
119,0,113
119,0,112
119,0,109
119,0,107
119,0,105
119,0,103
119,0,100
119,0,99
119,0,98
119,0,97
119,0,95
119,0,94
119,0,93
119,0,92
119,0,91
119,0,85
119,0,80
119,0,79
119,0,78
119,0,76
119,0,73
119,0,72
119,0,71
119,0,70
119,0,69
119,0,68
119,0,67
119,0,65
119,0,64
119,0,63
119,0,62
119,0,60
119,0,58
119,0,56
119,0,55
119,0,54
119,1,49
119,0,46
119,0,44
119,1,40
119,0,37
119,0,36
119,0,35
119,0,32
119,1,22
119,1,21
119,0,14
119,1,11
119,1,4
119,0,1
119,1,0
118,0,340
118,0,339
118,0,338
118,0,337
118,0,330
118,0,329
118,0,327
118,0,324
118,0,322
118,0,318
118,0,317
118,0,312
118,0,308
118,0,304
118,0,301
118,0,298
118,0,297
118,0,288
118,0,286
118,0,285
118,0,284
118,0,283
118,0,282
118,0,281
118,0,279
118,0,278
118,0,277
118,0,276
118,0,274
118,0,272
118,0,271
118,0,270
118,0,269
118,0,268
118,0,267
118,0,266
118,0,265
118,0,264
118,0,263
118,0,262
118,0,261
118,0,260
118,0,259
118,0,258
118,0,255
118,0,254
118,0,253
118,0,252
118,0,251
118,0,250
118,0,249
118,0,248
118,0,245
118,0,243
118,0,242
118,0,241
118,0,238
118,0,236
118,0,235
118,0,230
118,0,229
118,0,228
118,0,227
118,0,226
118,0,225
118,0,224
118,0,223
118,0,221
118,0,220
118,0,218
118,0,217
118,0,216
118,0,214
118,0,213
118,0,210
118,0,206
118,0,203
118,0,202
118,0,201
118,0,200
118,0,198
118,0,197
118,0,195
118,0,194
118,0,193
118,0,192
118,0,191
118,0,190
118,0,189
118,0,188
118,0,186
118,0,184
118,0,183
118,0,179
118,1,177
118,0,172
118,0,171
118,0,168
118,0,167
118,0,166
118,1,162
118,1,161
118,0,159
118,0,158
118,0,157
118,0,156
118,0,154
118,0,153
118,0,152
118,0,151
118,0,150
118,0,149
118,0,147
118,0,146
118,0,145
118,0,144
118,0,143
118,0,142
118,0,141
118,0,138
118,0,137
118,0,136
118,0,135
118,0,134
118,0,132
118,0,131
118,0,130
118,0,129
118,0,128
118,0,127
118,0,126
118,0,125
118,0,124
118,0,123
118,0,122
118,0,121
118,0,120
118,0,119
118,0,118
118,0,117
118,0,116
118,0,114
118,0,113
118,0,112
118,0,109
118,0,108
118,0,107
118,0,103
118,0,101
118,0,100
118,0,99
118,0,98
118,0,97
118,0,95
118,0,94
118,0,93
118,0,92
118,0,91
118,0,88
118,0,86
118,0,85
118,0,83
118,0,82
118,0,80
118,0,79
118,0,78
118,0,77
118,0,75
118,0,74
118,0,73
118,0,72
118,0,71
118,0,70
118,0,69
118,0,67
118,0,65
118,0,64
118,0,63
118,0,62
118,0,60
118,0,58
118,0,57
118,0,56
118,0,55
118,0,52
118,0,51
118,1,49
118,0,48
118,0,47
118,0,46
118,0,38
118,0,37
118,0,36
118,0,35
118,0,32
118,1,31
118,1,28
118,0,22
118,1,19
118,1,11
118,0,6
118,1,4
118,0,3
117,0,337
117,0,333
117,0,332
117,0,313
117,0,308
117,0,276
117,0,275
117,0,274
117,0,273
117,0,272
117,0,271
117,0,270
117,0,269
117,0,249
117,0,248
117,0,243
117,0,242
117,0,241
117,0,238
117,0,237
117,0,236
117,0,235
117,0,234
117,0,233
117,0,232
117,0,231
117,0,229
117,0,228
117,0,220
117,1,162
117,0,157
117,0,156
117,0,153
117,0,152
117,0,151
117,0,149
117,0,148
117,0,134
117,0,131
117,0,130
117,0,129
117,0,125
117,0,124
117,0,123
117,0,122
117,0,119
117,0,118
117,0,117
117,0,113
117,0,110
117,0,109
117,0,108
117,0,105
117,0,103
117,0,100
117,0,98
117,0,97
117,0,95
117,0,94
117,0,93
117,0,92
117,0,91
117,0,60
117,0,52
117,0,51
117,0,42
117,0,37
117,0,35
117,0,32
117,0,27
117,0,6
117,1,4
116,0,339
116,0,338
116,0,333
116,0,329
116,0,328
116,0,325
116,0,324
116,0,323
116,0,321
116,0,320
116,0,317
116,1,314
116,0,308
116,0,302
116,0,301
116,0,299
116,0,298
116,0,297
116,0,295
116,0,294
116,0,288
116,0,286
116,0,285
116,0,284
116,0,283
116,0,282
116,0,281
116,0,280
116,0,279
116,0,278
116,0,277
116,0,276
116,0,274
116,0,273
116,0,272
116,0,271
116,0,270
116,0,269
116,0,268
116,0,267
116,0,266
116,0,265
116,0,264
116,0,262
116,0,261
116,0,260
116,0,259
116,0,258
116,0,257
116,0,254
116,0,252
116,0,250
116,0,249
116,0,248
116,0,242
116,0,238
116,0,237
116,0,236
116,0,235
116,0,234
116,0,233
116,0,232
116,0,231
116,0,230
116,0,229
116,0,228
116,0,226
116,0,225
116,0,224
116,0,223
116,0,221
116,0,220
116,0,218
116,0,211
116,0,210
116,0,209
116,0,208
116,0,206
116,0,204
116,0,203
116,0,202
116,0,201
116,0,200
116,0,199
116,0,198
116,0,197
116,0,196
116,0,195
116,0,194
116,0,193
116,0,192
116,0,191
116,0,190
116,0,189
116,0,188
116,0,187
116,0,186
116,0,185
116,0,184
116,0,183
116,0,182
116,0,181
116,0,180
116,0,179
116,0,175
116,0,174
116,0,171
116,0,167
116,0,166
116,0,158
116,0,157
116,0,156
116,0,153
116,0,152
116,0,151
116,0,149
116,0,147
116,0,146
116,0,144
116,0,143
116,0,142
116,0,141
116,0,138
116,0,137
116,0,136
116,0,134
116,0,132
116,0,131
116,0,129
116,0,127
116,0,126
116,0,125
116,0,123
116,0,122
116,0,121
116,0,119
116,0,118
116,0,116
116,0,114
116,0,112
116,0,109
116,0,108
116,0,105
116,0,103
116,0,99
116,0,98
116,0,97
116,0,95
116,0,91
116,0,88
116,0,85
116,0,83
116,0,81
116,0,80
116,0,79
116,0,78
116,0,77
116,0,75
116,0,73
116,0,71
116,0,70
116,0,69
116,0,67
116,0,65
116,0,64
116,0,63
116,0,62
116,0,60
116,0,59
116,0,58
116,0,57
116,0,56
116,0,55
116,0,52
116,0,51
116,1,49
116,0,46
116,0,44
116,0,39
116,0,37
116,1,34
116,1,33
116,0,32
116,0,27
116,1,24
116,0,13
116,1,4
116,0,3
115,0,333
115,0,330
115,0,329
115,0,323
115,0,321
115,0,320
115,0,317
115,1,314
115,0,308
115,0,307
115,0,306
115,0,305
115,0,304
115,0,301
115,0,298
115,0,297
115,0,288
115,0,287
115,0,286
115,0,285
115,0,284
115,0,283
115,0,281
115,0,280
115,0,278
115,0,275
115,0,272
115,0,271
115,0,270
115,0,269
115,0,268
115,0,267
115,0,266
115,0,264
115,0,263
115,0,262
115,0,261
115,0,260
115,0,259
115,0,258
115,0,257
115,0,254
115,0,252
115,0,248
115,0,242
115,0,236
115,0,235
115,0,233
115,0,232
115,0,231
115,0,230
115,0,229
115,0,228
115,0,226
115,0,225
115,0,224
115,0,223
115,0,221
115,0,220
115,0,218
115,0,210
115,0,209
115,0,207
115,0,206
115,0,202
115,0,201
115,0,200
115,0,198
115,0,197
115,0,196
115,0,194
115,0,193
115,0,192
115,0,190
115,0,189
115,0,188
115,0,187
115,0,186
115,0,184
115,0,183
115,0,182
115,0,181
115,0,179
115,1,173
115,0,170
115,0,167
115,1,162
115,0,159
115,0,158
115,0,157
115,0,147
115,0,144
115,0,143
115,0,142
115,0,141
115,0,140
115,0,138
115,0,136
115,0,135
115,0,134
115,0,132
115,0,131
115,0,129
115,0,127
115,0,125
115,0,123
115,0,122
115,0,121
115,0,119
115,0,118
115,0,117
115,0,116
115,0,109
115,0,105
115,0,103
115,0,101
115,0,100
115,0,99
115,0,98
115,0,96
115,0,95
115,0,94
115,0,93
115,0,92
115,0,91
115,0,90
115,0,89
115,0,88
115,0,86
115,0,85
115,0,81
115,0,80
115,0,79
115,0,73
115,0,72
115,0,70
115,0,67
115,0,65
115,0,64
115,0,63
115,0,62
115,0,60
115,0,59
115,0,58
115,0,57
115,0,56
115,0,55
115,0,54
115,1,50
115,1,49
115,0,46
115,0,44
115,1,40
115,1,33
115,0,27
115,1,22
115,1,21
115,1,20
115,1,19
115,1,17
115,1,12
115,1,11
115,1,7
115,1,4
115,0,3
115,1,2
115,0,1
115,1,0
114,0,333
114,0,329
114,0,324
114,0,318
114,1,314
114,0,304
114,0,302
114,0,301
114,0,298
114,0,297
114,1,295
114,1,289
114,0,288
114,1,287
114,0,286
114,0,284
114,0,283
114,0,281
114,0,279
114,0,278
114,0,276
114,0,274
114,0,272
114,0,271
114,0,270
114,0,269
114,0,268
114,0,267
114,0,266
114,0,264
114,0,263
114,0,262
114,0,261
114,0,260
114,0,258
114,0,255
114,0,254
114,0,252
114,0,250
114,0,248
114,0,245
114,0,243
114,0,238
114,0,233
114,0,232
114,0,230
114,0,229
114,0,228
114,0,226
114,0,225
114,0,224
114,0,223
114,0,221
114,0,220
114,0,218
114,0,213
114,0,211
114,0,210
114,0,209
114,0,206
114,0,204
114,0,203
114,0,202
114,0,201
114,0,200
114,0,198
114,0,197
114,0,193
114,0,192
114,0,189
114,0,186
114,0,183
114,0,179
114,0,175
114,1,173
114,0,167
114,0,166
114,0,165
114,1,162
114,1,161
114,0,158
114,0,157
114,0,156
114,0,154
114,0,147
114,0,146
114,0,144
114,0,143
114,0,142
114,0,141
114,0,136
114,0,135
114,0,134
114,0,132
114,0,131
114,0,129
114,0,125
114,0,123
114,0,122
114,0,121
114,0,118
114,0,116
114,0,114
114,0,109
114,0,103
114,0,101
114,0,100
114,0,99
114,0,98
114,0,97
114,0,96
114,0,95
114,0,94
114,0,91
114,0,89
114,0,88
114,0,86
114,0,85
114,0,82
114,0,80
114,0,79
114,0,78
114,0,77
114,0,76
114,0,75
114,0,74
114,0,73
114,0,72
114,0,71
114,0,70
114,0,67
114,0,65
114,0,64
114,0,62
114,0,60
114,0,58
114,0,55
114,0,54
114,1,49
114,0,46
114,1,41
114,1,40
114,1,33
114,0,32
114,1,28
114,0,27
114,1,24
114,1,22
114,1,21
114,0,16
114,0,14
114,1,11
114,1,10
114,1,7
114,1,6
114,1,5
114,1,4
114,1,2
114,1,0
113,0,329
113,0,310
113,0,301
113,0,298
113,0,297
113,0,286
113,0,285
113,0,283
113,0,281
113,0,278
113,0,277
113,0,276
113,0,272
113,0,271
113,0,270
113,0,269
113,0,268
113,0,267
113,0,266
113,0,265
113,0,264
113,0,262
113,0,261
113,0,260
113,0,258
113,0,254
113,0,252
113,0,248
113,0,247
113,0,246
113,0,243
113,0,242
113,0,240
113,0,239
113,0,237
113,0,236
113,0,235
113,0,233
113,0,232
113,0,231
113,0,230
113,0,229
113,0,228
113,0,225
113,0,224
113,0,223
113,0,221
113,0,218
113,0,210
113,0,209
113,0,208
113,0,206
113,0,204
113,0,202
113,0,200
113,0,198
113,0,193
113,0,192
113,0,190
113,0,189
113,0,188
113,0,186
113,0,175
113,0,167
113,0,165
113,1,162
113,0,160
113,0,158
113,0,157
113,0,156
113,0,147
113,0,146
113,0,144
113,0,143
113,0,142
113,0,139
113,0,138
113,0,136
113,0,135
113,0,134
113,0,132
113,0,131
113,0,129
113,0,127
113,0,126
113,0,123
113,0,122
113,0,121
113,0,118
113,0,117
113,0,116
113,0,114
113,0,109
113,0,108
113,0,107
113,0,106
113,0,105
113,0,104
113,0,103
113,0,100
113,0,99
113,0,97
113,0,95
113,0,94
113,0,93
113,0,92
113,0,91
113,0,88
113,0,85
113,0,80
113,0,79
113,0,78
113,0,73
113,0,72
113,0,70
113,0,67
113,0,65
113,0,64
113,0,63
113,0,62
113,0,60
113,0,58
113,1,50
113,1,49
113,0,46
113,0,44
113,1,40
113,1,34
113,1,33
113,1,22
113,1,21
113,1,20
113,1,19
113,1,12
113,1,11
113,1,10
113,1,7
113,1,6
113,1,5
113,1,4
113,1,2
112,0,340
112,0,337
112,0,333
112,0,329
112,0,327
112,0,326
112,0,324
112,0,317
112,0,312
112,1,311
112,0,308
112,0,307
112,0,301
112,0,288
112,1,287
112,0,286
112,0,284
112,0,283
112,0,279
112,0,278
112,0,277
112,0,276
112,0,274
112,0,272
112,0,271
112,0,270
112,0,269
112,0,268
112,0,267
112,0,266
112,0,265
112,0,264
112,0,262
112,0,261
112,0,260
112,0,259
112,0,258
112,0,255
112,0,254
112,0,252
112,0,251
112,0,250
112,0,249
112,0,248
112,0,243
112,0,242
112,0,236
112,0,235
112,0,234
112,0,233
112,0,232
112,0,230
112,0,229
112,0,228
112,0,226
112,0,225
112,0,224
112,0,223
112,0,221
112,0,220
112,0,218
112,0,217
112,0,214
112,0,213
112,0,210
112,0,209
112,0,206
112,0,205
112,0,204
112,0,203
112,0,202
112,0,201
112,0,200
112,0,198
112,0,197
112,0,195
112,0,193
112,0,192
112,0,191
112,0,189
112,0,186
112,0,183
112,0,181
112,0,179
112,0,167
112,0,166
112,1,162
112,1,161
112,0,159
112,0,158
112,0,157
112,0,156
112,0,154
112,0,153
112,0,152
112,0,151
112,0,150
112,0,149
112,0,147
112,0,146
112,0,144
112,0,143
112,0,142
112,0,141
112,0,138
112,0,136
112,0,135
112,0,134
112,0,132
112,0,131
112,0,130
112,0,129
112,0,128
112,0,127
112,0,126
112,0,125
112,0,123
112,0,122
112,0,121
112,0,119
112,0,118
112,0,117
112,0,116
112,0,115
112,0,114
112,0,113
112,0,112
112,0,108
112,0,107
112,0,103
112,0,101
112,0,100
112,0,99
112,0,98
112,0,97
112,0,95
112,0,94
112,0,93
112,0,92
112,0,91
112,0,89
112,0,88
112,0,85
112,0,81
112,0,80
112,0,79
112,0,78
112,0,77
112,0,76
112,0,75
112,0,73
112,0,72
112,0,71
112,0,70
112,0,67
112,0,66
112,0,65
112,0,64
112,0,62
112,0,61
112,0,60
112,0,58
112,0,55
112,0,54
112,1,49
112,0,46
112,1,44
112,0,36
112,1,33
112,0,32
112,1,31
112,1,30
112,1,29
112,0,27
112,1,22
112,1,11
112,1,4
112,0,3
112,1,2
112,1,0
111,0,340
111,0,339
111,0,337
111,0,336
111,0,335
111,0,334
111,0,333
111,0,329
111,0,313
111,0,312
111,0,307
111,0,304
111,0,302
111,0,301
111,0,286
111,0,268
111,0,267
111,0,266
111,0,265
111,0,264
111,0,263
111,0,262
111,0,261
111,0,260
111,0,259
111,0,258
111,0,257
111,0,256
111,0,255
111,0,254
111,0,253
111,0,252
111,0,251
111,0,250
111,0,248
111,0,238
111,0,237
111,0,236
111,0,235
111,0,234
111,0,233
111,0,232
111,0,231
111,0,230
111,0,229
111,0,228
111,0,227
111,0,226
111,0,225
111,0,224
111,0,223
111,0,221
111,0,218
111,0,216
111,0,214
111,0,213
111,0,212
111,0,210
111,0,209
111,0,207
111,0,206
111,0,204
111,0,203
111,0,202
111,0,201
111,0,200
111,0,198
111,0,197
111,0,195
111,0,193
111,0,185
111,1,177
111,0,175
111,0,168
111,0,167
111,0,166
111,0,147
111,0,144
111,0,143
111,0,142
111,0,141
111,0,138
111,0,136
111,0,135
111,0,134
111,0,132
111,0,131
111,0,130
111,0,129
111,0,127
111,0,126
111,0,125
111,0,122
111,0,121
111,0,120
111,0,118
111,0,116
111,0,114
111,0,113
111,0,112
111,0,107
111,0,105
111,0,100
111,0,98
111,0,97
111,0,96
111,0,95
111,0,94
111,0,93
111,0,92
111,0,91
111,0,90
111,0,89
111,0,88
111,0,86
111,0,85
111,0,83
111,0,81
111,0,80
111,0,79
111,0,78
111,0,74
111,0,73
111,0,72
111,0,71
111,0,70
111,0,67
111,0,65
111,0,64
111,0,63
111,0,62
111,0,60
111,0,58
111,0,46
111,0,39
111,0,32
111,0,27
111,0,26
111,1,20
111,1,17
111,0,16
111,0,14
111,0,13
110,0,337
110,0,333
110,0,329
110,0,328
110,0,324
110,0,323
110,0,320
110,0,319
110,0,318
110,0,317
110,0,298
110,0,297
110,1,289
110,0,288
110,0,286
110,0,284
110,0,283
110,0,281
110,0,279
110,0,278
110,0,277
110,0,276
110,0,274
110,0,272
110,0,271
110,0,270
110,0,269
110,0,248
110,0,243
110,0,238
110,0,237
110,0,236
110,0,233
110,0,232
110,0,229
110,0,228
110,0,226
110,0,225
110,0,224
110,0,223
110,0,221
110,0,220
110,0,218
110,0,214
110,0,210
110,0,209
110,0,208
110,0,207
110,0,206
110,0,204
110,0,203
110,0,202
110,0,201
110,0,200
110,0,198
110,0,197
110,0,195
110,0,193
110,0,192
110,0,189
110,0,186
110,0,183
110,0,181
110,0,179
110,1,173
110,0,172
110,0,171
110,0,167
110,0,166
110,0,158
110,0,157
110,0,153
110,0,134
110,0,131
110,0,129
110,0,125
110,0,123
110,0,122
110,0,117
110,0,115
110,0,105
110,0,103
110,0,101
110,0,100
110,0,99
110,0,97
110,0,96
110,0,95
110,0,94
110,0,93
110,0,92
110,0,91
110,0,88
110,0,85
110,0,83
110,0,80
110,0,79
110,0,73
110,0,72
110,0,70
110,0,67
110,0,65
110,0,64
110,0,63
110,0,62
110,0,60
110,0,58
110,0,55
110,0,52
110,1,49
110,0,44
110,1,40
110,1,33
110,0,32
110,1,30
110,1,28
110,1,22
110,1,21
110,1,20
110,1,17
110,0,13
110,1,12
110,1,11
110,1,9
110,1,7
110,1,4
110,1,2
109,0,340
109,0,339
109,0,329
109,0,308
109,0,304
109,0,301
109,0,298
109,0,297
109,0,286
109,0,285
109,0,284
109,0,283
109,0,282
109,0,281
109,0,280
109,0,279
109,0,278
109,0,277
109,0,276
109,0,274
109,0,273
109,0,272
109,0,271
109,0,270
109,0,269
109,0,268
109,0,267
109,0,266
109,0,265
109,0,264
109,0,263
109,0,262
109,0,261
109,0,260
109,0,259
109,0,258
109,0,257
109,0,256
109,0,255
109,0,254
109,0,253
109,0,252
109,0,251
109,0,250
109,0,249
109,0,248
109,0,245
109,0,243
109,0,242
109,0,241
109,0,236
109,0,231
109,0,230
109,0,229
109,0,228
109,0,226
109,0,225
109,0,224
109,0,223
109,0,221
109,0,218
109,0,210
109,0,209
109,0,208
109,0,207
109,0,206
109,0,203
109,0,202
109,0,201
109,0,200
109,0,198
109,0,197
109,0,196
109,0,195
109,0,193
109,0,192
109,0,189
109,0,188
109,0,186
109,0,185
109,0,184
109,0,183
109,1,177
109,0,168
109,0,166
109,1,162
109,1,161
109,0,159
109,0,158
109,0,157
109,0,156
109,0,155
109,0,153
109,0,151
109,0,150
109,0,149
109,0,148
109,0,147
109,0,146
109,0,145
109,0,144
109,0,143
109,0,142
109,0,141
109,0,140
109,0,138
109,0,137
109,0,136
109,0,135
109,0,134
109,0,132
109,0,131
109,0,130
109,0,129
109,0,128
109,0,127
109,0,126
109,0,125
109,0,123
109,0,122
109,0,121
109,0,120
109,0,119
109,0,118
109,0,117
109,0,116
109,0,115
109,0,114
109,0,113
109,0,112
109,0,109
109,0,108
109,0,107
109,0,105
109,0,103
109,0,101
109,0,100
109,0,99
109,0,95
109,0,94
109,0,93
109,0,92
109,0,91
109,0,88
109,0,86
109,0,85
109,0,83
109,0,80
109,0,79
109,0,78
109,0,75
109,0,74
109,0,73
109,0,71
109,0,69
109,0,67
109,0,65
109,0,64
109,0,63
109,0,62
109,0,60
109,0,58
109,1,49
109,0,47
109,0,44
109,0,42
109,0,37
109,0,36
109,0,35
109,1,33
109,0,32
109,1,28
109,1,22
109,1,20
109,1,19
109,1,12
109,1,11
109,0,6
109,1,5
109,1,4
108,0,333
108,0,329
108,0,324
108,0,319
108,0,312
108,0,301
108,0,288
108,0,286
108,0,283
108,0,281
108,0,278
108,0,276
108,0,272
108,0,270
108,0,269
108,0,248
108,0,243
108,0,242
108,0,238
108,0,236
108,0,232
108,0,231
108,0,229
108,0,226
108,0,225
108,0,224
108,0,223
108,0,221
108,0,220
108,0,218
108,0,209
108,0,202
108,0,200
108,0,198
108,0,193
108,0,192
108,0,189
108,0,186
108,0,183
108,0,181
108,0,179
108,1,173
108,0,172
108,0,171
108,0,167
108,1,163
108,1,162
108,1,161
108,0,158
108,0,157
108,0,131
108,0,125
108,1,124
108,0,123
108,0,103
108,0,100
108,0,99
108,0,95
108,0,94
108,0,93
108,0,91
108,0,90
108,0,88
108,0,85
108,0,83
108,0,80
108,0,75
108,0,73
108,0,70
108,0,67
108,0,65
108,0,62
108,0,60
108,0,58
108,0,55
108,0,54
108,1,53
108,1,49
108,1,42
108,1,41
108,1,40
108,1,38
108,1,34
108,1,33
108,0,32
108,1,30
108,0,27
108,1,25
108,1,23
108,1,22
108,1,21
108,1,20
108,1,19
108,1,17
108,1,16
108,1,14
108,1,13
108,1,11
108,1,10
108,1,9
108,1,8
108,1,7
108,1,4
108,1,2
108,1,0
107,0,327
107,1,314
107,0,302
107,0,301
107,0,299
107,0,298
107,0,297
107,0,285
107,0,283
107,0,281
107,0,278
107,0,277
107,0,276
107,0,272
107,0,271
107,0,270
107,0,269
107,0,268
107,0,267
107,0,262
107,0,259
107,0,258
107,0,255
107,0,254
107,0,252
107,0,250
107,0,248
107,0,238
107,0,236
107,0,232
107,0,230
107,0,229
107,0,228
107,0,226
107,0,225
107,0,224
107,0,223
107,0,221
107,0,220
107,0,218
107,0,210
107,0,209
107,0,208
107,0,206
107,0,203
107,0,202
107,0,201
107,0,200
107,0,199
107,0,198
107,0,197
107,0,196
107,0,195
107,0,193
107,0,192
107,0,190
107,0,188
107,0,186
107,0,185
107,0,183
107,1,177
107,0,175
107,0,174
107,0,167
107,0,166
107,1,162
107,0,158
107,0,157
107,0,147
107,0,146
107,0,144
107,0,141
107,0,140
107,0,138
107,0,136
107,0,132
107,0,131
107,0,129
107,0,126
107,0,125
107,0,123
107,0,122
107,0,121
107,0,118
107,0,105
107,0,100
107,0,99
107,0,95
107,0,92
107,0,91
107,0,89
107,0,88
107,0,85
107,0,80
107,0,79
107,0,78
107,0,75
107,0,73
107,0,72
107,0,71
107,0,70
107,0,67
107,0,65
107,0,64
107,0,63
107,0,62
107,0,61
107,0,60
107,0,59
107,0,58
107,0,54
107,1,50
107,1,49
107,0,46
107,1,45
107,0,44
107,1,40
107,0,37
107,1,34
107,1,33
107,1,30
107,1,28
107,1,24
107,1,22
107,1,21
107,1,20
107,1,19
107,0,13
107,1,11
107,1,9
107,1,7
107,1,6
107,1,5
107,1,4
107,1,2
107,1,0
106,0,337
106,0,335
106,0,333
106,0,331
106,0,330
106,0,329
106,0,313
106,0,312
106,0,311
106,0,308
106,0,307
106,0,306
106,0,305
106,0,304
106,0,303
106,0,302
106,0,301
106,0,297
106,0,295
106,0,294
106,0,286
106,0,280
106,0,261
106,0,254
106,0,252
106,0,250
106,0,249
106,0,247
106,0,244
106,0,243
106,0,242
106,0,241
106,0,240
106,0,239
106,0,238
106,0,237
106,0,236
106,0,235
106,0,232
106,0,231
106,0,230
106,0,229
106,0,228
106,0,227
106,0,226
106,0,225
106,0,224
106,0,223
106,0,222
106,0,221
106,0,220
106,0,219
106,0,218
106,0,217
106,0,216
106,0,215
106,0,214
106,0,213
106,0,212
106,0,211
106,0,210
106,0,209
106,0,208
106,0,207
106,0,206
106,0,204
106,0,203
106,0,202
106,0,201
106,0,200
106,0,199
106,0,198
106,0,196
106,0,195
106,0,193
106,0,192
106,0,191
106,0,190
106,0,189
106,0,187
106,0,186
106,0,185
106,0,184
106,0,183
106,1,177
106,0,174
106,0,169
106,0,167
106,0,166
106,0,165
106,0,163
106,0,160
106,0,153
106,0,152
106,0,140
106,0,134
106,0,127
106,0,121
106,0,119
106,0,117
106,0,110
106,0,109
106,0,107
106,0,106
106,0,105
106,0,104
106,0,103
106,0,102
106,0,100
106,0,99
106,0,98
106,0,97
106,0,95
106,0,94
106,0,93
106,0,92
106,0,91
106,0,90
106,0,89
106,0,88
106,0,87
106,0,86
106,0,85
106,0,84
106,0,83
106,0,82
106,0,81
106,0,80
106,0,79
106,0,78
106,0,77
106,0,76
106,0,75
106,0,73
106,0,72
106,0,71
106,0,70
106,0,69
106,0,67
106,0,66
106,0,65
106,0,64
106,0,63
106,0,62
106,0,61
106,0,60
106,0,58
106,0,56
106,0,44
106,0,39
106,0,37
106,0,32
106,1,28
106,0,27
106,0,16
106,0,15
106,0,13
105,0,333
105,0,329
105,1,314
105,0,302
105,0,301
105,0,297
105,0,286
105,0,285
105,0,284
105,0,283
105,0,281
105,0,279
105,0,278
105,0,277
105,0,276
105,0,275
105,0,274
105,0,272
105,0,271
105,0,270
105,0,269
105,0,268
105,0,267
105,0,266
105,0,264
105,0,262
105,0,261
105,0,260
105,0,259
105,0,258
105,0,254
105,0,252
105,0,248
105,0,242
105,0,238
105,0,237
105,0,236
105,0,235
105,0,233
105,0,232
105,0,230
105,0,229
105,0,228
105,0,226
105,0,225
105,0,224
105,0,223
105,0,221
105,0,220
105,0,218
105,0,207
105,0,206
105,0,203
105,0,202
105,0,201
105,0,200
105,0,198
105,0,193
105,0,192
105,0,191
105,0,186
105,0,185
105,0,183
105,1,177
105,0,168
105,1,162
105,1,161
105,0,158
105,0,157
105,0,156
105,0,153
105,0,151
105,0,147
105,0,146
105,0,144
105,0,142
105,0,138
105,0,137
105,0,136
105,0,134
105,0,132
105,0,131
105,0,127
105,0,126
105,0,125
105,0,123
105,0,121
105,0,119
105,0,118
105,0,117
105,0,116
105,0,114
105,0,113
105,0,112
105,0,109
105,0,105
105,0,103
105,0,101
105,0,100
105,0,99
105,0,95
105,0,94
105,0,93
105,0,91
105,0,88
105,0,85
105,0,83
105,0,80
105,0,79
105,0,75
105,0,73
105,0,72
105,0,71
105,0,70
105,0,69
105,0,67
105,0,65
105,0,64
105,0,63
105,0,62
105,0,60
105,0,58
105,1,50
105,1,49
105,0,44
105,0,42
105,0,37
105,1,33
105,1,30
105,1,28
105,1,24
105,1,22
105,1,21
105,1,20
105,1,19
105,1,17
105,1,12
105,1,11
105,1,10
105,1,9
105,1,7
105,1,5
105,1,4
105,0,3
105,1,2
104,0,335
104,0,333
104,0,331
104,0,329
104,0,327
104,0,325
104,0,323
104,0,322
104,0,313
104,0,308
104,0,307
104,0,305
104,0,304
104,0,301
104,0,298
104,0,297
104,0,296
104,0,294
104,0,286
104,0,252
104,0,249
104,0,247
104,0,246
104,0,245
104,0,244
104,0,242
104,0,240
104,0,239
104,0,238
104,0,236
104,0,235
104,0,233
104,0,232
104,0,231
104,0,230
104,0,229
104,0,228
104,0,226
104,0,225
104,0,224
104,0,223
104,0,221
104,0,220
104,0,219
104,0,218
104,0,217
104,0,214
104,0,213
104,0,210
104,0,209
104,0,207
104,0,204
104,0,202
104,0,200
104,0,198
104,0,197
104,0,194
104,0,193
104,0,192
104,0,191
104,0,190
104,0,189
104,0,188
104,0,186
104,0,184
104,0,183
104,0,181
104,0,180
104,0,179
104,1,177
104,0,172
104,0,171
104,0,167
104,1,162
104,0,160
104,0,140
104,0,127
104,0,122
104,0,121
104,0,119
104,0,117
104,0,115
104,0,112
104,0,106
104,0,105
104,0,103
104,0,99
104,0,96
104,0,95
104,0,94
104,0,93
104,0,91
104,0,88
104,0,86
104,0,85
104,0,83
104,0,81
104,0,80
104,0,79
104,0,73
104,0,70
104,0,67
104,0,65
104,0,64
104,0,60
104,0,59
104,0,58
104,0,57
104,0,56
104,0,55
104,0,54
104,0,44
104,0,42
104,1,41
104,0,39
104,0,37
104,1,33
104,1,28
104,0,27
104,1,24
104,1,22
104,1,21
104,1,19
104,1,17
104,1,5
104,1,4
104,0,1
103,0,337
103,0,334
103,0,324
103,0,323
103,0,321
103,1,314
103,0,306
103,0,305
103,0,301
103,0,298
103,0,297
103,0,286
103,0,285
103,0,284
103,0,283
103,0,281
103,0,279
103,0,278
103,0,276
103,0,274
103,0,272
103,0,271
103,0,270
103,0,269
103,0,268
103,0,267
103,0,262
103,0,259
103,0,258
103,0,257
103,0,256
103,0,255
103,0,254
103,0,252
103,0,248
103,0,242
103,0,238
103,0,236
103,0,235
103,0,234
103,0,232
103,0,231
103,0,230
103,0,229
103,0,227
103,0,226
103,0,225
103,0,224
103,0,223
103,0,221
103,0,218
103,0,214
103,0,213
103,0,210
103,0,209
103,0,207
103,0,206
103,0,204
103,0,203
103,0,202
103,0,201
103,0,200
103,0,198
103,0,195
103,0,194
103,0,193
103,0,192
103,0,190
103,0,189
103,0,188
103,0,186
103,0,185
103,0,184
103,0,183
103,0,182
103,0,181
103,0,179
103,0,172
103,0,167
103,0,166
103,0,158
103,0,157
103,0,156
103,0,153
103,0,151
103,0,147
103,0,146
103,0,144
103,0,143
103,0,142
103,0,141
103,0,140
103,0,136
103,0,132
103,0,131
103,0,130
103,0,129
103,0,127
103,0,126
103,0,125
103,0,123
103,0,122
103,0,121
103,0,119
103,0,116
103,0,114
103,0,107
103,0,105
103,0,103
103,0,100
103,0,99
103,0,97
103,0,95
103,0,94
103,0,93
103,0,92
103,0,91
103,0,88
103,0,86
103,0,85
103,0,83
103,0,81
103,0,80
103,0,79
103,0,78
103,0,76
103,0,73
103,0,71
103,0,70
103,0,69
103,0,67
103,0,64
103,0,63
103,0,62
103,0,61
103,0,60
103,0,58
103,0,57
103,0,56
103,0,55
103,0,54
103,1,49
103,0,44
103,1,40
103,0,32
103,1,30
103,1,22
103,1,21
103,1,20
103,1,11
103,1,4
103,0,3
103,0,1
102,0,337
102,0,333
102,0,330
102,0,329
102,0,327
102,1,314
102,0,308
102,0,307
102,0,302
102,0,297
102,0,286
102,0,284
102,0,283
102,0,282
102,0,281
102,0,280
102,0,278
102,0,277
102,0,276
102,0,275
102,0,274
102,0,273
102,0,272
102,0,271
102,0,270
102,0,269
102,0,268
102,0,267
102,0,265
102,0,264
102,0,263
102,0,262
102,0,261
102,0,260
102,0,259
102,0,258
102,0,257
102,0,255
102,0,254
102,0,252
102,0,251
102,0,250
102,0,248
102,0,245
102,0,243
102,0,242
102,0,241
102,0,239
102,0,237
102,0,236
102,0,235
102,0,233
102,0,232
102,0,231
102,0,230
102,0,229
102,0,228
102,0,227
102,0,226
102,0,225
102,0,224
102,0,223
102,0,221
102,0,220
102,0,218
102,0,210
102,0,209
102,0,208
102,0,207
102,0,206
102,0,204
102,0,203
102,0,202
102,0,201
102,0,200
102,0,198
102,0,193
102,0,192
102,0,190
102,0,189
102,0,188
102,0,187
102,0,186
102,0,184
102,0,183
102,0,168
102,0,167
102,0,166
102,0,158
102,0,157
102,0,155
102,0,147
102,0,146
102,0,145
102,0,144
102,0,142
102,0,141
102,0,140
102,0,139
102,0,138
102,0,137
102,0,136
102,0,132
102,0,131
102,0,129
102,0,127
102,0,125
102,0,123
102,0,122
102,0,121
102,0,120
102,0,119
102,0,118
102,0,117
102,0,116
102,0,114
102,0,113
102,0,109
102,0,107
102,0,106
102,0,105
102,0,103
102,0,100
102,0,99
102,0,98
102,0,95
102,0,94
102,0,92
102,0,91
102,0,89
102,0,88
102,0,85
102,0,83
102,0,80
102,0,79
102,0,75
102,0,73
102,0,72
102,0,71
102,0,70
102,0,69
102,0,67
102,0,65
102,0,63
102,0,62
102,0,60
102,0,58
102,0,57
102,0,56
102,1,49
102,0,48
102,0,44
102,1,40
102,0,37
102,0,32
102,1,30
102,1,22
102,1,20
102,1,17
102,0,13
102,1,12
102,1,11
102,1,10
102,0,6
102,1,4
102,0,3
102,1,0
101,0,340
101,0,339
101,0,335
101,0,333
101,0,329
101,0,325
101,0,316
101,0,315
101,0,311
101,0,307
101,0,306
101,0,305
101,0,304
101,0,303
101,0,298
101,0,297
101,0,286
101,0,285
101,0,284
101,0,283
101,0,282
101,0,281
101,0,280
101,0,279
101,0,278
101,0,277
101,0,276
101,0,275
101,0,274
101,0,273
101,0,272
101,0,271
101,0,270
101,0,269
101,0,268
101,0,267
101,0,266
101,0,265
101,0,264
101,0,263
101,0,262
101,0,261
101,0,260
101,0,259
101,0,258
101,0,257
101,0,256
101,0,255
101,0,254
101,0,253
101,0,252
101,0,251
101,0,250
101,0,249
101,0,248
101,0,245
101,0,243
101,0,242
101,0,241
101,0,238
101,0,237
101,0,236
101,0,235
101,0,234
101,0,233
101,0,232
101,0,231
101,0,230
101,0,228
101,0,227
101,0,226
101,0,225
101,0,224
101,0,223
101,0,221
101,0,220
101,0,218
101,0,217
101,0,214
101,0,213
101,0,212
101,0,210
101,0,209
101,0,208
101,0,207
101,0,206
101,0,204
101,0,203
101,0,202
101,0,200
101,0,198
101,0,193
101,0,192
101,0,190
101,0,189
101,0,188
101,0,186
101,0,184
101,0,183
101,0,168
101,0,166
101,0,159
101,0,158
101,0,157
101,0,156
101,0,155
101,0,153
101,0,152
101,0,151
101,0,150
101,0,149
101,0,148
101,0,147
101,0,146
101,0,145
101,0,144
101,0,143
101,0,142
101,0,141
101,0,140
101,0,138
101,0,137
101,0,136
101,0,135
101,0,134
101,0,132
101,0,131
101,0,130
101,0,129
101,0,128
101,0,127
101,0,126
101,0,125
101,0,123
101,0,122
101,0,121
101,0,120
101,0,119
101,0,118
101,0,117
101,0,116
101,0,115
101,0,114
101,0,113
101,0,112
101,0,111
101,0,110
101,0,109
101,0,108
101,0,107
101,0,105
101,0,103
101,0,101
101,0,100
101,0,99
101,0,98
101,0,96
101,0,95
101,0,94
101,0,93
101,0,92
101,0,91
101,0,89
101,0,88
101,0,86
101,0,85
101,0,83
101,0,82
101,0,80
101,0,79
101,0,78
101,0,76
101,0,75
101,0,73
101,0,72
101,0,71
101,0,70
101,0,69
101,0,67
101,0,65
101,0,64
101,0,62
101,0,60
101,0,59
101,0,58
101,0,57
101,0,56
101,0,53
101,0,50
101,0,48
101,0,47
101,0,46
101,0,44
101,0,42
101,0,39
101,0,37
101,0,36
101,0,35
101,0,32
101,1,28
101,0,22
101,0,6
101,1,4
101,0,3
100,0,337
100,0,330
100,0,329
100,0,327
100,0,308
100,0,307
100,0,304
100,0,302
100,0,301
100,0,297
100,0,286
100,0,284
100,0,283
100,0,281
100,0,279
100,0,278
100,0,277
100,0,276
100,0,275
100,0,274
100,0,273
100,0,272
100,0,271
100,0,270
100,0,269
100,0,256
100,0,249
100,0,248
100,0,242
100,0,241
100,0,237
100,0,236
100,0,235
100,0,233
100,0,232
100,0,231
100,0,229
100,0,228
100,0,226
100,0,225
100,0,224
100,0,223
100,0,221
100,0,220
100,0,218
100,0,213
100,0,210
100,0,209
100,0,208
100,0,207
100,0,206
100,0,204
100,0,203
100,0,202
100,0,201
100,0,200
100,0,199
100,0,198
100,0,197
100,0,196
100,0,195
100,0,194
100,0,193
100,0,192
100,0,191
100,0,190
100,0,189
100,0,188
100,0,186
100,0,185
100,0,184
100,0,183
100,0,175
100,0,166
100,0,165
100,1,162
100,0,159
100,0,158
100,0,157
100,0,148
100,0,134
100,0,131
100,0,129
100,0,125
100,0,123
100,0,122
100,0,119
100,0,118
100,0,117
100,0,115
100,0,113
100,0,109
100,0,108
100,0,105
100,0,103
100,0,101
100,0,99
100,0,98
100,0,95
100,0,94
100,0,92
100,0,91
100,0,89
100,0,88
100,0,85
100,0,83
100,0,80
100,0,79
100,0,78
100,0,77
100,0,76
100,0,75
100,0,73
100,0,72
100,0,71
100,0,70
100,0,67
100,0,66
100,0,65
100,0,64
100,0,63
100,0,62
100,0,60
100,0,59
100,0,58
100,0,57
100,0,56
100,0,52
100,0,44
100,0,42
100,1,40
100,0,37
100,1,33
100,0,32
100,1,30
100,0,27
100,1,22
100,0,13
100,1,11
100,1,6
100,1,4
100,1,0
99,0,333
99,0,331
99,0,329
99,0,312
99,0,307
99,1,303
99,0,301
99,0,297
99,0,286
99,0,254
99,0,252
99,0,244
99,0,242
99,0,240
99,0,239
99,0,233
99,0,232
99,0,230
99,0,229
99,0,228
99,0,226
99,0,225
99,0,224
99,0,223
99,0,222
99,0,221
99,0,220
99,0,218
99,0,213
99,0,210
99,0,209
99,0,207
99,0,206
99,0,203
99,0,202
99,0,201
99,0,200
99,0,198
99,0,193
99,0,192
99,0,190
99,0,186
99,0,183
99,1,162
99,1,161
99,1,140
99,0,127
99,0,121
99,0,118
99,0,117
99,0,108
99,0,106
99,0,104
99,0,103
99,0,100
99,0,99
99,0,97
99,0,95
99,0,94
99,0,93
99,0,92
99,0,91
99,0,89
99,0,88
99,0,80
99,0,79
99,0,78
99,0,76
99,0,73
99,0,72
99,0,71
99,0,70
99,0,67
99,0,65
99,0,64
99,0,63
99,0,62
99,0,60
99,0,58
99,0,39
99,0,37
99,1,33
99,0,32
99,1,31
99,1,29
99,1,28
99,1,25
99,1,24
99,1,22
99,1,21
99,1,17
99,1,11
99,1,10
99,1,9
99,1,7
99,1,6
99,1,5
98,0,329
98,0,327
98,1,314
98,0,301
98,0,298
98,0,297
98,0,286
98,0,284
98,0,283
98,0,281
98,0,280
98,0,278
98,0,276
98,0,274
98,0,273
98,0,272
98,0,271
98,0,270
98,0,269
98,0,268
98,0,267
98,0,265
98,0,264
98,0,263
98,0,262
98,0,261
98,0,260
98,0,259
98,0,258
98,0,257
98,0,254
98,0,252
98,0,250
98,0,248
98,0,243
98,0,242
98,0,238
98,0,237
98,0,236
98,0,235
98,0,234
98,0,233
98,0,231
98,0,230
98,0,229
98,0,228
98,0,226
98,0,225
98,0,224
98,0,223
98,0,221
98,0,220
98,0,218
98,0,217
98,0,213
98,0,212
98,0,210
98,0,209
98,0,208
98,0,207
98,0,206
98,0,204
98,0,203
98,0,202
98,0,201
98,0,200
98,0,198
98,0,195
98,0,193
98,0,192
98,0,189
98,0,186
98,0,183
98,0,175
98,0,167
98,1,162
98,0,159
98,0,158
98,0,157
98,0,156
98,0,147
98,0,146
98,0,144
98,0,143
98,0,142
98,0,140
98,0,138
98,0,137
98,0,136
98,0,133
98,0,132
98,0,131
98,0,127
98,0,123
98,0,122
98,0,121
98,0,118
98,0,117
98,0,116
98,0,114
98,0,112
98,0,109
98,0,108
98,0,105
98,0,103
98,0,99
98,0,95
98,0,91
98,0,88
98,0,86
98,0,85
98,1,84
98,0,83
98,0,80
98,0,79
98,0,78
98,0,74
98,0,73
98,0,72
98,0,71
98,0,70
98,0,69
98,0,67
98,0,65
98,0,64
98,0,63
98,0,62
98,0,60
98,0,58
98,1,50
98,1,49
98,0,46
98,0,44
98,0,42
98,1,40
98,0,37
98,1,34
98,1,33
98,0,32
98,1,28
98,1,24
98,1,22
98,1,21
98,1,20
98,1,17
98,1,12
98,1,11
98,1,10
98,1,9
98,1,7
98,1,6
98,1,5
98,1,4
98,1,2
97,0,333
97,0,329
97,0,308
97,0,304
97,0,302
97,0,301
97,0,299
97,0,298
97,0,297
97,0,286
97,0,283
97,0,281
97,0,279
97,0,278
97,0,277
97,0,276
97,0,274
97,0,272
97,0,271
97,0,270
97,0,269
97,0,248
97,0,243
97,0,242
97,0,238
97,0,237
97,0,236
97,0,233
97,0,232
97,0,231
97,0,229
97,0,228
97,0,226
97,0,225
97,0,224
97,0,223
97,0,221
97,0,220
97,0,218
97,0,214
97,0,213
97,0,212
97,0,210
97,0,209
97,0,207
97,0,206
97,0,204
97,0,203
97,0,202
97,0,201
97,0,200
97,0,199
97,0,198
97,0,197
97,0,196
97,0,195
97,0,193
97,0,192
97,0,186
97,0,185
97,1,177
97,0,175
97,0,174
97,0,167
97,0,166
97,0,165
97,0,159
97,0,158
97,0,157
97,0,156
97,0,153
97,0,148
97,0,134
97,0,131
97,0,128
97,0,125
97,0,123
97,0,118
97,0,117
97,0,109
97,0,103
97,0,101
97,0,100
97,0,99
97,0,98
97,0,97
97,0,95
97,0,94
97,0,93
97,0,92
97,0,91
97,0,90
97,0,89
97,0,88
97,0,86
97,0,85
97,0,83
97,0,80
97,0,79
97,0,78
97,0,77
97,0,76
97,0,75
97,0,73
97,0,72
97,0,71
97,0,70
97,0,68
97,0,67
97,0,66
97,0,65
97,0,64
97,0,63
97,0,62
97,0,61
97,0,60
97,0,58
97,0,51
97,1,49
97,0,44
97,1,40
97,1,33
97,0,32
97,1,30
97,1,28
97,1,22
97,1,21
97,0,13
97,1,11
97,1,10
97,1,9
97,1,7
97,1,4
97,1,2
96,0,340
96,0,337
96,0,333
96,0,330
96,0,329
96,0,327
96,1,314
96,0,306
96,0,304
96,0,301
96,0,297
96,0,286
96,0,284
96,0,283
96,0,281
96,0,279
96,0,278
96,0,277
96,0,276
96,0,275
96,0,274
96,0,273
96,0,272
96,0,271
96,0,270
96,0,269
96,0,268
96,0,267
96,0,266
96,0,265
96,0,264
96,0,263
96,0,262
96,0,261
96,0,260
96,0,259
96,0,258
96,0,257
96,0,254
96,0,252
96,0,250
96,0,249
96,0,248
96,0,238
96,0,237
96,0,235
96,0,234
96,0,233
96,0,232
96,0,231
96,0,230
96,0,228
96,0,227
96,0,226
96,0,225
96,0,224
96,0,223
96,0,221
96,0,220
96,0,218
96,0,217
96,0,214
96,0,213
96,0,210
96,0,209
96,0,207
96,0,203
96,0,202
96,0,201
96,0,200
96,0,198
96,0,197
96,0,196
96,0,193
96,0,192
96,0,190
96,0,189
96,0,188
96,0,186
96,0,184
96,0,183
96,1,177
96,0,167
96,0,165
96,0,159
96,0,158
96,0,157
96,0,156
96,0,153
96,0,152
96,0,151
96,0,149
96,0,147
96,0,146
96,0,144
96,0,143
96,0,142
96,0,141
96,0,140
96,0,138
96,0,137
96,0,136
96,0,135
96,0,133
96,0,132
96,0,131
96,0,129
96,0,128
96,0,127
96,0,126
96,0,125
96,0,123
96,0,122
96,0,121
96,0,119
96,0,118
96,0,117
96,0,116
96,0,114
96,0,112
96,0,109
96,0,108
96,0,105
96,0,103
96,0,100
96,0,99
96,0,98
96,0,97
96,0,96
96,0,95
96,0,94
96,0,93
96,0,92
96,0,91
96,0,89
96,0,88
96,0,85
96,0,83
96,0,80
96,0,79
96,0,78
96,0,76
96,0,73
96,0,72
96,0,71
96,0,69
96,0,67
96,0,65
96,0,64
96,0,62
96,0,60
96,0,58
96,0,56
96,0,52
96,1,49
96,0,46
96,0,44
96,1,33
96,0,32
96,1,22
96,1,21
96,1,20
96,1,12
96,1,11
96,1,7
96,1,6
96,1,4
96,1,2
96,1,0
95,0,338
95,0,333
95,0,329
95,0,328
95,0,327
95,1,314
95,0,312
95,0,308
95,0,304
95,0,302
95,0,301
95,0,299
95,0,286
95,0,284
95,0,283
95,0,281
95,0,280
95,0,278
95,0,277
95,0,275
95,0,274
95,0,273
95,0,272
95,0,271
95,0,270
95,0,268
95,0,267
95,0,264
95,0,263
95,0,262
95,0,261
95,0,260
95,0,258
95,0,257
95,0,256
95,0,255
95,0,254
95,0,252
95,0,251
95,0,250
95,0,249
95,0,248
95,0,245
95,0,243
95,0,242
95,0,241
95,0,237
95,0,236
95,0,235
95,0,233
95,0,232
95,0,230
95,0,229
95,0,228
95,0,226
95,0,225
95,0,224
95,0,223
95,0,221
95,0,220
95,0,218
95,0,217
95,0,214
95,0,213
95,0,211
95,0,210
95,0,209
95,0,208
95,0,207
95,0,206
95,0,203
95,0,202
95,0,201
95,0,200
95,0,199
95,0,198
95,0,197
95,0,196
95,0,195
95,0,193
95,0,192
95,0,189
95,0,186
95,0,183
95,0,174
95,0,167
95,0,165
95,1,162
95,1,161
95,0,159
95,0,158
95,0,157
95,0,156
95,0,155
95,0,154
95,0,153
95,0,152
95,0,151
95,0,149
95,0,148
95,0,147
95,0,146
95,0,144
95,0,143
95,0,142
95,0,141
95,0,140
95,0,138
95,0,137
95,0,136
95,0,135
95,0,134
95,0,133
95,0,132
95,0,131
95,0,130
95,0,129
95,0,128
95,0,127
95,0,126
95,0,125
95,0,123
95,0,122
95,0,121
95,0,119
95,0,118
95,0,117
95,0,116
95,0,114
95,0,113
95,0,112
95,0,107
95,0,103
95,0,101
95,0,100
95,0,99
95,0,97
95,0,96
95,0,95
95,0,94
95,0,92
95,0,91
95,0,89
95,0,88
95,0,86
95,0,85
95,0,83
95,0,80
95,0,79
95,0,78
95,0,77
95,0,76
95,0,75
95,0,73
95,0,71
95,0,70
95,0,69
95,0,67
95,0,66
95,0,65
95,0,64
95,0,63
95,0,62
95,0,61
95,0,60
95,0,58
95,1,49
95,0,46
95,0,44
95,1,33
95,0,32
95,1,30
95,0,27
95,1,22
95,1,21
95,1,11
95,1,10
95,1,5
95,1,4
95,0,3
95,1,2
94,0,339
94,0,337
94,0,333
94,0,331
94,0,330
94,0,329
94,1,314
94,0,310
94,0,308
94,0,307
94,0,304
94,0,297
94,0,286
94,0,285
94,0,284
94,0,283
94,0,282
94,0,281
94,0,279
94,0,278
94,0,277
94,0,276
94,0,274
94,0,272
94,0,271
94,0,270
94,0,269
94,0,268
94,0,267
94,0,266
94,0,265
94,0,264
94,0,262
94,0,261
94,0,260
94,0,259
94,0,258
94,0,255
94,0,254
94,0,252
94,0,250
94,0,249
94,0,248
94,0,247
94,0,246
94,0,244
94,0,243
94,0,242
94,0,240
94,0,239
94,0,238
94,0,237
94,0,236
94,0,235
94,0,233
94,0,232
94,0,231
94,0,230
94,0,229
94,0,228
94,0,226
94,0,225
94,0,224
94,0,223
94,0,221
94,0,220
94,0,218
94,0,213
94,0,210
94,0,209
94,0,208
94,0,206
94,0,203
94,0,202
94,0,201
94,0,200
94,0,198
94,0,193
94,0,192
94,0,186
94,1,177
94,0,167
94,1,162
94,1,161
94,0,160
94,0,159
94,0,158
94,0,157
94,0,156
94,0,154
94,0,153
94,0,151
94,0,150
94,0,148
94,0,147
94,0,146
94,0,144
94,0,143
94,0,142
94,0,141
94,0,139
94,0,138
94,0,136
94,0,134
94,0,132
94,0,131
94,0,129
94,0,128
94,0,127
94,0,126
94,0,123
94,0,122
94,0,121
94,0,119
94,0,118
94,0,117
94,0,116
94,0,115
94,0,114
94,0,113
94,0,109
94,0,108
94,0,107
94,0,105
94,0,104
94,0,103
94,0,101
94,0,100
94,0,99
94,0,98
94,0,97
94,0,96
94,0,95
94,0,94
94,0,93
94,0,92
94,0,91
94,0,88
94,0,86
94,0,85
94,0,83
94,0,80
94,0,79
94,0,78
94,0,73
94,0,72
94,0,71
94,0,70
94,0,67
94,0,65
94,0,64
94,0,63
94,0,62
94,0,60
94,0,58
94,1,57
94,0,51
94,1,49
94,0,46
94,0,44
94,0,42
94,0,37
94,1,33
94,0,32
94,1,30
94,0,27
94,1,22
94,1,17
94,0,13
94,1,12
94,1,11
94,1,10
94,1,9
94,1,5
94,1,4
94,1,2
93,0,337
93,0,335
93,0,333
93,0,331
93,0,330
93,0,329
93,0,325
93,0,313
93,0,312
93,0,310
93,0,308
93,0,301
93,0,297
93,0,286
93,0,254
93,0,252
93,0,247
93,0,244
93,0,243
93,0,242
93,0,241
93,0,240
93,0,239
93,0,238
93,0,237
93,0,236
93,0,235
93,0,234
93,0,232
93,0,230
93,0,229
93,0,228
93,0,227
93,0,225
93,0,224
93,0,223
93,0,221
93,0,220
93,0,218
93,0,214
93,0,213
93,0,210
93,0,207
93,0,206
93,0,204
93,0,203
93,0,202
93,0,201
93,0,200
93,0,198
93,0,193
93,0,192
93,0,189
93,0,186
93,0,184
93,0,183
93,1,177
93,0,167
93,1,162
93,0,152
93,0,127
93,0,121
93,0,118
93,0,117
93,1,111
93,0,107
93,0,106
93,0,104
93,0,103
93,0,100
93,0,99
93,0,98
93,0,95
93,0,94
93,0,93
93,0,92
93,0,91
93,0,89
93,0,88
93,0,85
93,0,83
93,0,82
93,0,80
93,0,79
93,0,78
93,0,76
93,0,75
93,0,73
93,0,72
93,0,70
93,0,67
93,0,65
93,0,64
93,0,63
93,0,62
93,0,60
93,0,58
93,0,39
93,0,36
93,0,32
93,1,31
93,0,27
93,1,22
93,1,19
93,1,17
93,1,11
93,1,7
92,0,333
92,0,331
92,0,329
92,0,310
92,0,308
92,0,304
92,0,301
92,0,254
92,0,250
92,0,247
92,0,245
92,0,242
92,0,240
92,0,239
92,0,238
92,0,237
92,0,235
92,0,233
92,0,232
92,0,231
92,0,230
92,0,229
92,0,228
92,0,226
92,0,225
92,0,224
92,0,223
92,0,222
92,0,221
92,0,220
92,0,218
92,0,213
92,0,210
92,0,208
92,0,207
92,0,206
92,0,203
92,0,202
92,0,201
92,0,200
92,0,198
92,0,197
92,0,196
92,0,195
92,0,193
92,1,177
92,0,174
92,0,167
92,1,162
92,0,140
92,0,121
92,0,118
92,0,117
92,0,106
92,0,105
92,0,103
92,0,100
92,0,99
92,0,98
92,0,97
92,0,96
92,0,95
92,0,94
92,0,93
92,0,92
92,0,91
92,0,89
92,0,88
92,0,86
92,0,85
92,0,83
92,0,80
92,0,79
92,0,78
92,0,77
92,0,76
92,0,75
92,0,73
92,0,72
92,0,71
92,0,70
92,0,69
92,0,67
92,0,65
92,0,64
92,0,62
92,0,61
92,0,60
92,0,58
92,0,37
92,1,33
92,0,32
92,1,31
92,1,30
92,1,29
92,1,28
92,1,22
92,1,21
92,1,20
92,1,6
91,0,343
91,0,340
91,0,339
91,0,333
91,0,329
91,0,328
91,0,327
91,0,304
91,0,301
91,0,298
91,0,286
91,0,285
91,0,284
91,0,283
91,0,282
91,0,281
91,0,280
91,0,278
91,0,276
91,0,275
91,0,274
91,0,272
91,0,271
91,0,270
91,0,269
91,0,268
91,0,267
91,0,266
91,0,265
91,0,264
91,0,263
91,0,262
91,0,261
91,0,260
91,0,259
91,0,258
91,0,257
91,0,255
91,0,254
91,0,253
91,0,252
91,0,250
91,0,248
91,0,243
91,0,242
91,0,238
91,0,237
91,0,236
91,0,235
91,0,234
91,0,233
91,0,232
91,0,230
91,0,229
91,0,228
91,0,226
91,0,225
91,0,224
91,0,223
91,0,221
91,0,220
91,0,218
91,0,217
91,0,214
91,0,213
91,0,212
91,0,210
91,0,209
91,0,208
91,0,207
91,0,206
91,0,204
91,0,203
91,0,202
91,0,201
91,0,200
91,0,198
91,0,195
91,0,193
91,0,192
91,0,191
91,0,190
91,0,189
91,0,188
91,0,186
91,0,185
91,0,183
91,0,176
91,0,175
91,0,168
91,0,166
91,1,162
91,0,159
91,0,158
91,0,157
91,0,156
91,0,155
91,0,153
91,0,152
91,0,151
91,0,150
91,0,149
91,0,148
91,0,147
91,0,146
91,0,144
91,0,143
91,0,142
91,0,141
91,0,138
91,0,137
91,0,136
91,0,135
91,0,134
91,0,133
91,0,132
91,0,131
91,0,130
91,0,129
91,0,128
91,0,127
91,0,126
91,0,125
91,0,123
91,0,122
91,0,121
91,0,119
91,0,118
91,0,117
91,0,116
91,0,114
91,0,113
91,0,110
91,0,109
91,0,108
91,0,105
91,0,103
91,0,100
91,0,99
91,0,98
91,0,97
91,0,96
91,0,95
91,0,94
91,0,93
91,0,92
91,0,91
91,0,89
91,0,88
91,0,87
91,0,86
91,0,85
91,0,83
91,0,82
91,0,81
91,0,80
91,0,79
91,0,78
91,0,76
91,0,75
91,0,74
91,0,73
91,0,72
91,0,71
91,0,70
91,0,69
91,0,67
91,0,66
91,0,65
91,0,64
91,0,62
91,0,60
91,0,58
91,0,57
91,1,49
91,0,46
91,0,44
91,1,33
91,0,32
91,1,28
91,0,27
91,1,22
91,0,13
91,1,11
91,1,7
91,1,4
91,1,2
90,0,340
90,0,339
90,0,333
90,0,329
90,0,328
90,0,308
90,0,302
90,0,301
90,0,299
90,0,298
90,0,297
90,0,285
90,0,284
90,0,283
90,0,281
90,0,280
90,0,279
90,0,278
90,0,277
90,0,276
90,0,275
90,0,274
90,0,272
90,0,271
90,0,270
90,0,269
90,0,268
90,0,267
90,0,266
90,0,265
90,0,264
90,0,263
90,0,262
90,0,261
90,0,260
90,0,259
90,0,258
90,0,257
90,0,256
90,0,254
90,0,253
90,0,252
90,0,251
90,0,250
90,0,248
90,0,243
90,0,241
90,0,236
90,0,232
90,0,231
90,0,230
90,0,229
90,0,228
90,0,227
90,0,226
90,0,225
90,0,224
90,0,223
90,0,221
90,0,220
90,0,218
90,0,217
90,0,214
90,0,213
90,0,211
90,0,210
90,0,209
90,0,208
90,0,207
90,0,206
90,0,205
90,0,204
90,0,203
90,0,202
90,0,201
90,0,200
90,0,199
90,0,198
90,0,197
90,0,196
90,0,195
90,0,193
90,0,192
90,0,190
90,0,189
90,0,186
90,0,185
90,0,184
90,0,183
90,0,175
90,0,174
90,0,168
90,0,167
90,0,166
90,0,165
90,1,162
90,0,159
90,0,158
90,0,157
90,0,156
90,0,155
90,0,153
90,0,152
90,0,151
90,0,150
90,0,149
90,0,148
90,0,147
90,0,146
90,0,144
90,0,143
90,0,142
90,0,141
90,0,140
90,0,138
90,0,137
90,0,136
90,0,135
90,0,134
90,0,133
90,0,132
90,0,131
90,0,130
90,0,129
90,0,128
90,0,127
90,0,126
90,0,125
90,0,123
90,0,122
90,0,121
90,0,119
90,0,118
90,0,117
90,0,116
90,0,114
90,0,112
90,0,109
90,0,108
90,0,107
90,0,105
90,0,103
90,0,101
90,0,100
90,0,99
90,0,98
90,0,97
90,0,95
90,0,94
90,0,93
90,0,92
90,0,91
90,0,89
90,0,88
90,0,86
90,0,85
90,0,83
90,0,81
90,0,80
90,0,79
90,0,78
90,0,76
90,0,75
90,0,73
90,0,72
90,0,71
90,0,70
90,0,69
90,0,68
90,0,67
90,0,65
90,0,64
90,0,63
90,0,62
90,0,61
90,0,60
90,0,58
90,1,49
90,0,46
90,0,44
90,0,42
90,0,37
90,0,36
90,1,33
90,1,28
90,0,27
90,1,22
90,1,21
90,0,13
90,1,7
90,1,4
89,0,333
89,1,314
89,1,303
89,1,299
89,1,290
89,1,289
89,0,286
89,0,281
89,0,278
89,0,274
89,0,272
89,0,270
89,0,269
89,0,267
89,0,254
89,0,248
89,0,232
89,0,231
89,0,229
89,0,225
89,0,224
89,0,223
89,0,221
89,0,220
89,0,218
89,1,215
89,0,209
89,0,202
89,0,193
89,0,192
89,0,189
89,0,188
89,0,186
89,0,183
89,1,177
89,1,173
89,1,171
89,1,165
89,1,163
89,1,162
89,1,161
89,0,157
89,0,148
89,0,147
89,0,146
89,0,144
89,0,143
89,0,136
89,0,132
89,0,131
89,1,130
89,0,127
89,0,123
89,1,110
89,0,103
89,0,100
89,0,99
89,0,94
89,0,93
89,0,91
89,0,88
89,1,87
89,0,80
89,1,78
89,0,67
89,1,64
89,0,58
89,1,50
89,1,49
89,1,46
89,1,41
89,1,40
89,1,34
89,1,33
89,1,30
89,1,28
89,1,24
89,1,23
89,1,22
89,1,21
89,1,20
89,1,19
89,1,18
89,1,17
89,1,15
89,1,12
89,1,11
89,1,10
89,1,9
89,1,8
89,1,7
89,1,6
89,1,4
89,1,3
89,1,2
89,1,0
88,0,337
88,0,333
88,0,331
88,0,330
88,0,329
88,0,312
88,0,306
88,0,305
88,0,261
88,0,255
88,0,252
88,0,249
88,0,247
88,0,245
88,0,242
88,0,240
88,0,239
88,0,238
88,0,237
88,0,236
88,0,235
88,0,233
88,0,232
88,0,231
88,0,230
88,0,229
88,0,228
88,0,226
88,0,225
88,0,224
88,0,223
88,0,222
88,0,221
88,0,220
88,0,218
88,0,214
88,0,213
88,0,207
88,0,200
88,1,177
88,0,167
88,0,140
88,0,119
88,0,118
88,0,117
88,0,110
88,0,108
88,0,106
88,0,105
88,0,103
88,0,100
88,0,99
88,0,98
88,0,97
88,0,96
88,0,95
88,0,94
88,0,93
88,0,92
88,0,91
88,0,88
88,0,86
88,0,85
88,0,83
88,0,70
88,0,60
88,0,44
88,0,39
88,1,36
88,0,32
88,1,30
88,1,19
87,0,340
87,0,339
87,0,337
87,0,333
87,0,316
87,0,315
87,0,308
87,0,307
87,0,306
87,0,305
87,0,285
87,0,284
87,0,283
87,0,282
87,0,281
87,0,280
87,0,279
87,0,278
87,0,277
87,0,275
87,0,274
87,0,273
87,0,272
87,0,271
87,0,270
87,0,269
87,0,268
87,0,267
87,0,266
87,0,265
87,0,264
87,0,263
87,0,262
87,0,261
87,0,260
87,0,259
87,0,258
87,0,257
87,0,256
87,0,255
87,0,254
87,0,253
87,0,252
87,0,251
87,0,250
87,0,249
87,0,248
87,0,243
87,0,242
87,0,241
87,0,236
87,0,233
87,0,232
87,0,231
87,0,230
87,0,228
87,0,227
87,0,220
87,0,168
87,1,162
87,0,159
87,0,158
87,0,157
87,0,156
87,0,152
87,0,151
87,0,149
87,0,148
87,0,147
87,0,146
87,0,145
87,0,144
87,0,143
87,0,142
87,0,141
87,0,140
87,0,138
87,0,137
87,0,136
87,0,135
87,0,134
87,0,133
87,0,132
87,0,131
87,0,130
87,0,129
87,0,128
87,0,127
87,0,126
87,0,123
87,0,122
87,0,121
87,0,120
87,0,119
87,0,118
87,0,117
87,0,116
87,0,114
87,0,113
87,0,112
87,0,111
87,0,109
87,0,108
87,0,105
87,0,103
87,0,102
87,0,101
87,0,99
87,0,98
87,0,97
87,0,95
87,0,94
87,0,93
87,0,92
87,0,91
87,0,69
87,0,60
87,0,52
87,0,51
87,0,50
87,1,49
87,0,46
87,0,44
87,0,42
87,1,40
87,0,37
87,0,35
87,0,32
87,0,31
87,0,29
87,0,22
87,0,7
87,1,4
86,0,343
86,0,340
86,0,339
86,0,337
86,0,335
86,0,333
86,0,329
86,0,328
86,0,327
86,0,326
86,0,311
86,0,308
86,0,305
86,0,304
86,0,302
86,0,301
86,0,298
86,0,297
86,0,295
86,0,286
86,0,285
86,0,284
86,0,283
86,0,282
86,0,281
86,0,280
86,0,279
86,0,278
86,0,277
86,0,276
86,0,275
86,0,274
86,0,273
86,0,272
86,0,271
86,0,270
86,0,269
86,0,268
86,0,267
86,0,266
86,0,265
86,0,264
86,0,263
86,0,262
86,0,261
86,0,260
86,0,259
86,0,258
86,0,257
86,0,256
86,0,255
86,0,254
86,0,253
86,0,252
86,0,251
86,0,250
86,0,249
86,0,248
86,0,243
86,0,242
86,0,241
86,0,238
86,0,237
86,0,236
86,0,233
86,0,232
86,0,231
86,0,230
86,0,229
86,0,228
86,0,227
86,0,226
86,0,225
86,0,224
86,0,223
86,0,221
86,0,220
86,0,218
86,0,217
86,0,214
86,0,213
86,0,212
86,0,210
86,0,209
86,0,208
86,0,207
86,0,206
86,0,205
86,0,204
86,0,203
86,0,202
86,0,201
86,0,200
86,0,199
86,0,198
86,0,197
86,0,196
86,0,195
86,0,194
86,0,193
86,0,192
86,0,191
86,0,190
86,0,189
86,0,188
86,0,187
86,0,186
86,0,184
86,0,183
86,0,175
86,0,174
86,0,168
86,0,167
86,0,166
86,0,163
86,1,162
86,0,159
86,0,158
86,0,157
86,0,156
86,0,155
86,0,154
86,0,153
86,0,152
86,0,151
86,0,150
86,0,149
86,0,148
86,0,147
86,0,146
86,0,144
86,0,143
86,0,142
86,0,141
86,0,140
86,0,137
86,0,136
86,0,135
86,0,134
86,0,133
86,0,132
86,0,131
86,0,130
86,0,129
86,0,128
86,0,127
86,0,126
86,0,125
86,0,124
86,0,123
86,0,122
86,0,121
86,0,119
86,0,118
86,0,117
86,0,116
86,0,115
86,0,114
86,0,113
86,0,112
86,0,111
86,0,109
86,0,108
86,0,107
86,0,105
86,0,103
86,0,102
86,0,101
86,0,100
86,0,99
86,0,98
86,0,97
86,0,96
86,0,95
86,0,94
86,0,93
86,0,92
86,0,91
86,0,90
86,0,89
86,0,88
86,0,86
86,0,85
86,0,83
86,0,80
86,0,79
86,0,78
86,0,77
86,0,76
86,0,75
86,0,73
86,0,72
86,0,71
86,0,70
86,0,69
86,0,67
86,0,66
86,0,65
86,0,64
86,0,63
86,0,62
86,0,61
86,0,60
86,0,58
86,0,57
86,0,53
86,0,52
86,0,46
86,0,44
86,0,42
86,0,39
86,0,37
86,0,35
86,0,32
86,0,31
86,0,29
86,0,27
86,0,25
86,1,24
86,0,16
86,0,14
86,0,13
86,1,11
86,0,3
86,1,0
85,0,333
85,0,329
85,1,314
85,0,305
85,0,304
85,0,301
85,0,283
85,0,281
85,0,279
85,0,278
85,0,276
85,0,275
85,0,274
85,0,273
85,0,272
85,0,271
85,0,270
85,0,269
85,0,268
85,0,267
85,0,264
85,0,263
85,0,262
85,0,261
85,0,260
85,0,258
85,0,257
85,0,254
85,0,252
85,0,250
85,0,248
85,0,243
85,0,235
85,0,233
85,0,232
85,0,230
85,0,229
85,0,228
85,0,226
85,0,225
85,0,224
85,0,223
85,0,221
85,0,220
85,0,218
85,1,215
85,0,209
85,0,207
85,0,206
85,0,205
85,0,203
85,0,202
85,0,201
85,0,198
85,0,196
85,0,193
85,0,192
85,0,186
85,0,183
85,1,177
85,0,167
85,1,164
85,1,162
85,1,161
85,0,158
85,0,157
85,0,156
85,0,153
85,0,148
85,0,147
85,0,146
85,0,144
85,0,143
85,0,142
85,0,141
85,0,140
85,0,138
85,0,137
85,0,136
85,0,134
85,0,133
85,0,132
85,0,131
85,0,129
85,0,128
85,0,127
85,0,126
85,0,123
85,0,122
85,0,121
85,0,120
85,0,119
85,0,118
85,0,117
85,0,116
85,0,113
85,0,112
85,0,109
85,0,108
85,0,103
85,0,101
85,0,100
85,0,99
85,0,95
85,0,92
85,0,91
85,0,89
85,0,88
85,0,85
85,0,80
85,0,79
85,0,75
85,0,73
85,0,70
85,0,69
85,0,67
85,0,65
85,0,64
85,0,62
85,0,60
85,0,58
85,1,50
85,0,46
85,1,40
85,0,37
85,1,33
85,1,30
85,0,27
85,1,22
85,1,21
85,1,20
85,1,19
85,1,17
85,1,12
85,1,11
85,1,7
85,1,6
85,1,5
85,1,4
85,1,2
84,0,339
84,0,333
84,0,329
84,0,325
84,0,308
84,0,306
84,0,304
84,0,298
84,1,291
84,0,286
84,0,285
84,0,284
84,0,283
84,0,282
84,0,281
84,0,280
84,0,278
84,0,277
84,0,276
84,0,275
84,0,274
84,0,273
84,0,272
84,0,271
84,0,270
84,0,269
84,0,268
84,0,267
84,0,266
84,0,265
84,0,264
84,0,263
84,0,262
84,0,261
84,0,260
84,0,259
84,0,258
84,0,257
84,0,254
84,0,253
84,0,252
84,0,250
84,0,249
84,0,248
84,0,243
84,0,242
84,0,241
84,0,237
84,0,236
84,0,235
84,0,233
84,0,232
84,0,230
84,0,229
84,0,228
84,0,227
84,0,226
84,0,225
84,0,224
84,0,223
84,0,221
84,0,220
84,0,218
84,0,217
84,0,214
84,0,213
84,0,212
84,0,210
84,0,209
84,0,208
84,0,207
84,0,206
84,0,204
84,0,203
84,0,202
84,0,201
84,0,200
84,0,198
84,0,196
84,0,193
84,0,192
84,0,189
84,0,188
84,0,186
84,0,184
84,0,183
84,0,175
84,0,168
84,0,167
84,0,166
84,1,161
84,0,159
84,0,158
84,0,157
84,0,156
84,0,155
84,0,154
84,0,153
84,0,152
84,0,151
84,0,150
84,0,148
84,0,147
84,0,146
84,0,144
84,0,143
84,0,142
84,0,141
84,0,140
84,0,138
84,0,137
84,0,136
84,0,135
84,0,134
84,0,132
84,0,131
84,0,128
84,0,127
84,0,126
84,0,125
84,0,124
84,0,123
84,0,119
84,0,118
84,0,117
84,0,116
84,0,115
84,0,114
84,0,109
84,0,105
84,0,103
84,0,101
84,0,99
84,0,98
84,0,97
84,0,96
84,0,95
84,0,94
84,0,93
84,0,92
84,0,91
84,0,89
84,0,88
84,0,85
84,0,83
84,0,81
84,0,80
84,0,79
84,0,78
84,0,77
84,0,76
84,0,75
84,0,73
84,0,72
84,0,71
84,0,70
84,0,69
84,0,67
84,0,66
84,0,65
84,0,64
84,0,62
84,0,60
84,0,58
84,0,52
84,0,51
84,1,49
84,0,46
84,0,44
84,0,42
84,0,37
84,0,36
84,1,33
84,0,32
84,1,28
84,0,25
84,1,22
84,1,11
84,1,5
84,1,4
83,0,333
83,0,330
83,0,329
83,0,304
83,0,301
83,0,300
83,0,297
83,0,285
83,0,284
83,0,283
83,0,281
83,0,279
83,0,278
83,0,277
83,0,275
83,0,274
83,0,273
83,0,272
83,0,271
83,0,270
83,0,269
83,0,268
83,0,267
83,0,266
83,0,265
83,0,264
83,0,263
83,0,262
83,0,261
83,0,260
83,0,258
83,0,257
83,0,256
83,0,255
83,0,254
83,0,252
83,0,249
83,0,248
83,0,243
83,0,242
83,0,241
83,0,238
83,0,237
83,0,236
83,0,233
83,0,232
83,0,231
83,0,230
83,0,229
83,0,228
83,0,227
83,0,226
83,0,225
83,0,224
83,0,223
83,0,221
83,0,220
83,0,218
83,0,217
83,0,213
83,0,210
83,0,209
83,0,208
83,0,207
83,0,206
83,0,205
83,0,204
83,0,203
83,0,202
83,0,201
83,0,200
83,0,198
83,0,197
83,0,196
83,0,195
83,0,193
83,0,192
83,0,189
83,0,186
83,0,183
83,0,175
83,0,167
83,0,166
83,1,162
83,0,158
83,0,157
83,0,156
83,0,151
83,0,149
83,0,147
83,0,146
83,0,144
83,0,143
83,0,142
83,0,141
83,0,140
83,0,138
83,0,137
83,0,136
83,0,135
83,0,134
83,0,132
83,0,131
83,0,129
83,0,128
83,0,127
83,0,126
83,0,123
83,0,122
83,0,121
83,0,120
83,0,118
83,0,117
83,0,116
83,0,114
83,0,112
83,0,109
83,0,108
83,0,107
83,0,105
83,0,103
83,0,100
83,0,99
83,0,97
83,0,96
83,0,95
83,0,94
83,0,93
83,0,92
83,0,91
83,0,89
83,0,88
83,0,85
83,0,83
83,0,80
83,0,79
83,0,78
83,0,75
83,0,74
83,0,73
83,0,72
83,0,71
83,0,70
83,0,69
83,0,68
83,0,67
83,0,65
83,0,64
83,0,62
83,0,60
83,0,58
83,1,49
83,0,46
83,0,44
83,0,42
83,0,37
83,1,34
83,1,33
83,0,32
83,1,22
83,0,13
83,1,11
83,1,6
83,1,4
82,0,333
82,0,324
82,1,314
82,0,298
82,0,286
82,0,285
82,0,284
82,0,283
82,0,281
82,0,278
82,0,267
82,0,265
82,0,262
82,0,261
82,0,260
82,0,258
82,0,257
82,0,252
82,0,248
82,0,238
82,0,237
82,0,236
82,0,235
82,0,234
82,0,233
82,0,232
82,0,231
82,0,230
82,0,229
82,0,228
82,0,226
82,0,225
82,0,224
82,0,223
82,0,221
82,0,209
82,0,202
82,0,200
82,0,193
82,0,192
82,0,189
82,0,188
82,0,186
82,0,183
82,0,181
82,0,179
82,1,177
82,1,174
82,1,173
82,0,172
82,0,167
82,1,163
82,1,161
82,0,158
82,0,147
82,0,144
82,0,143
82,0,136
82,0,132
82,0,131
82,0,127
82,0,126
82,0,125
82,0,121
82,0,120
82,0,118
82,0,116
82,0,114
82,0,105
82,0,100
82,0,99
82,0,98
82,0,97
82,0,96
82,0,95
82,0,94
82,0,93
82,0,91
82,0,89
82,0,88
82,0,85
82,0,83
82,0,80
82,0,70
82,0,67
82,0,65
82,0,60
82,0,58
82,0,55
82,0,54
82,1,50
82,1,49
82,1,40
82,1,34
82,1,33
82,1,31
82,1,22
82,1,20
82,1,19
82,1,17
82,1,12
82,1,11
82,1,10
82,1,7
81,0,329
81,0,328
81,1,314
81,0,301
81,0,286
81,0,284
81,0,283
81,0,281
81,0,278
81,0,277
81,0,276
81,0,274
81,0,273
81,0,272
81,0,271
81,0,270
81,0,269
81,0,268
81,0,267
81,0,266
81,0,265
81,0,264
81,0,263
81,0,262
81,0,261
81,0,260
81,0,259
81,0,258
81,0,257
81,0,255
81,0,254
81,0,252
81,0,251
81,0,250
81,0,248
81,0,243
81,0,242
81,0,236
81,0,232
81,0,231
81,0,230
81,0,229
81,0,228
81,0,226
81,0,225
81,0,224
81,0,223
81,0,221
81,0,220
81,0,218
81,0,217
81,0,213
81,0,212
81,0,210
81,0,209
81,0,207
81,0,206
81,0,204
81,0,203
81,0,202
81,0,201
81,0,200
81,0,198
81,0,197
81,0,193
81,0,192
81,0,186
81,0,183
81,0,167
81,0,166
81,1,162
81,0,159
81,0,158
81,0,157
81,0,156
81,0,152
81,0,151
81,0,150
81,0,148
81,0,147
81,0,146
81,0,144
81,0,143
81,0,142
81,0,141
81,0,138
81,0,136
81,0,135
81,0,134
81,0,133
81,0,132
81,0,131
81,0,129
81,0,128
81,0,127
81,0,126
81,0,125
81,0,123
81,0,122
81,0,121
81,0,119
81,0,118
81,0,117
81,0,116
81,0,114
81,0,113
81,0,112
81,0,109
81,0,108
81,0,107
81,0,105
81,0,103
81,0,102
81,0,101
81,0,100
81,0,99
81,0,95
81,0,94
81,0,93
81,0,92
81,0,91
81,0,90
81,0,88
81,0,85
81,0,83
81,0,81
81,0,80
81,0,79
81,0,78
81,0,73
81,0,72
81,0,71
81,0,70
81,0,67
81,0,66
81,0,65
81,0,64
81,0,63
81,0,62
81,0,60
81,0,58
81,1,49
81,0,46
81,0,44
81,1,40
81,0,37
81,0,36
81,1,33
81,1,28
81,1,22
81,1,21
81,1,17
81,1,12
81,1,11
81,1,10
81,1,7
81,1,4
81,1,2
80,0,340
80,0,339
80,0,333
80,0,331
80,0,329
80,0,327
80,0,316
80,0,310
80,0,308
80,0,307
80,0,306
80,0,301
80,0,298
80,0,297
80,0,286
80,0,285
80,0,284
80,0,283
80,0,282
80,0,281
80,0,280
80,0,279
80,0,278
80,0,276
80,0,275
80,0,274
80,0,273
80,0,272
80,0,271
80,0,270
80,0,269
80,0,268
80,0,267
80,0,266
80,0,265
80,0,264
80,0,263
80,0,262
80,0,261
80,0,260
80,0,259
80,0,258
80,0,257
80,0,256
80,0,255
80,0,254
80,0,253
80,0,252
80,0,250
80,0,249
80,0,248
80,0,247
80,0,246
80,0,244
80,0,243
80,0,242
80,0,240
80,0,239
80,0,236
80,0,233
80,0,232
80,0,231
80,0,230
80,0,229
80,0,228
80,0,226
80,0,225
80,0,224
80,0,223
80,0,221
80,0,220
80,0,218
80,0,217
80,0,213
80,0,210
80,0,209
80,0,206
80,0,203
80,0,202
80,0,201
80,0,200
80,0,197
80,0,196
80,0,194
80,0,193
80,0,192
80,0,190
80,0,189
80,0,188
80,0,186
80,0,184
80,0,183
80,0,169
80,0,168
80,0,167
80,1,162
80,0,160
80,0,159
80,0,158
80,0,157
80,0,156
80,0,154
80,0,153
80,0,152
80,0,151
80,0,150
80,0,148
80,0,147
80,0,146
80,0,144
80,0,143
80,0,142
80,0,141
80,0,140
80,0,139
80,0,138
80,0,137
80,0,136
80,0,135
80,0,134
80,0,133
80,0,132
80,0,131
80,0,130
80,0,129
80,0,128
80,0,127
80,0,126
80,0,125
80,0,123
80,0,122
80,0,121
80,0,119
80,0,118
80,0,117
80,0,116
80,0,115
80,0,114
80,0,113
80,0,112
80,0,109
80,0,108
80,0,107
80,0,106
80,0,105
80,0,104
80,0,103
80,0,101
80,0,100
80,0,99
80,0,95
80,0,94
80,0,93
80,0,92
80,0,91
80,0,89
80,0,88
80,0,85
80,0,83
80,0,80
80,0,79
80,0,78
80,0,76
80,0,75
80,0,73
80,0,72
80,0,71
80,0,70
80,0,69
80,0,67
80,0,65
80,0,64
80,0,63
80,0,62
80,0,60
80,0,58
80,0,51
80,1,49
80,0,48
80,0,46
80,0,44
80,0,42
80,1,41
80,0,39
80,0,37
80,1,33
80,0,32
80,0,29
80,1,28
80,1,17
80,0,16
80,1,11
80,1,4
80,1,0
79,0,337
79,0,333
79,0,331
79,0,324
79,0,312
79,1,302
79,0,298
79,0,287
79,0,286
79,0,245
79,0,242
79,0,240
79,0,239
79,0,238
79,0,236
79,0,235
79,0,230
79,0,229
79,0,228
79,0,225
79,0,224
79,0,223
79,0,222
79,0,221
79,1,215
79,0,209
79,0,200
79,0,193
79,0,192
79,0,186
79,0,183
79,0,179
79,1,177
79,1,173
79,0,172
79,0,171
79,0,167
79,1,163
79,1,162
79,1,161
79,0,127
79,0,118
79,0,108
79,0,106
79,0,105
79,0,103
79,0,100
79,0,99
79,0,97
79,0,96
79,0,95
79,0,94
79,0,93
79,0,91
79,0,88
79,0,85
79,0,83
79,0,80
79,0,78
79,0,72
79,0,70
79,0,67
79,0,65
79,0,60
79,0,58
79,0,55
79,1,33
79,1,30
79,1,22
79,1,20
79,1,19
79,1,18
79,1,17
79,1,12
79,1,11
79,1,9
79,1,7
79,1,6
79,1,4
79,1,2
79,1,0
78,0,331
78,0,330
78,0,329
78,0,327
78,0,324
78,0,323
78,0,308
78,0,307
78,0,306
78,0,304
78,0,301
78,0,298
78,0,297
78,1,289
78,0,288
78,0,287
78,0,286
78,0,280
78,0,261
78,0,254
78,0,250
78,0,247
78,0,243
78,0,242
78,0,240
78,0,239
78,0,238
78,0,237
78,0,236
78,0,233
78,0,232
78,0,231
78,0,229
78,0,228
78,0,226
78,0,225
78,0,224
78,0,223
78,0,222
78,0,221
78,0,220
78,0,218
78,0,213
78,0,210
78,0,209
78,0,208
78,0,207
78,0,206
78,0,204
78,0,203
78,0,202
78,0,201
78,0,200
78,0,198
78,0,197
78,0,196
78,0,195
78,0,193
78,0,192
78,0,189
78,0,186
78,0,185
78,0,183
78,0,181
78,0,179
78,1,173
78,0,167
78,0,166
78,1,161
78,0,134
78,0,127
78,0,121
78,0,118
78,0,117
78,0,108
78,0,106
78,0,105
78,0,104
78,0,103
78,0,100
78,0,99
78,0,95
78,0,94
78,0,93
78,0,92
78,0,91
78,0,89
78,0,88
78,0,85
78,0,80
78,0,79
78,0,78
78,0,73
78,0,72
78,0,71
78,0,70
78,0,69
78,0,67
78,0,65
78,0,64
78,0,63
78,0,62
78,0,60
78,0,58
78,0,55
78,0,54
78,0,44
78,1,43
78,0,37
78,0,36
78,1,33
78,0,32
78,1,30
78,0,27
78,1,22
78,1,21
78,1,20
78,1,19
78,1,11
78,1,9
78,1,7
78,1,6
78,1,4
78,1,2
77,0,340
77,0,339
77,0,333
77,0,331
77,0,330
77,0,329
77,0,310
77,0,309
77,0,308
77,0,304
77,0,298
77,0,286
77,0,285
77,0,283
77,0,281
77,0,280
77,0,279
77,0,278
77,0,274
77,0,272
77,0,271
77,0,270
77,0,269
77,0,268
77,0,267
77,0,266
77,0,265
77,0,264
77,0,263
77,0,262
77,0,261
77,0,260
77,0,259
77,0,258
77,0,257
77,0,255
77,0,254
77,0,253
77,0,252
77,0,251
77,0,250
77,0,248
77,0,247
77,0,246
77,0,244
77,0,243
77,0,242
77,0,240
77,0,239
77,0,238
77,0,237
77,0,236
77,0,235
77,0,233
77,0,232
77,0,231
77,0,230
77,0,229
77,0,228
77,0,226
77,0,225
77,0,224
77,0,223
77,0,221
77,0,220
77,0,218
77,0,213
77,0,210
77,0,209
77,0,208
77,0,207
77,0,206
77,0,204
77,0,203
77,0,202
77,0,201
77,0,200
77,0,198
77,0,195
77,0,193
77,0,192
77,0,191
77,0,190
77,0,189
77,0,187
77,0,186
77,0,184
77,0,183
77,0,169
77,0,168
77,0,167
77,0,166
77,1,161
77,0,160
77,0,159
77,0,158
77,0,157
77,0,156
77,0,155
77,0,151
77,0,149
77,0,148
77,0,147
77,0,146
77,0,144
77,0,143
77,0,142
77,0,141
77,0,140
77,0,139
77,0,138
77,0,137
77,0,136
77,0,134
77,0,132
77,0,131
77,0,127
77,0,126
77,0,124
77,0,123
77,0,122
77,0,121
77,0,119
77,0,118
77,0,117
77,0,116
77,0,114
77,0,113
77,0,109
77,0,108
77,0,106
77,0,105
77,0,104
77,0,103
77,0,100
77,0,99
77,0,98
77,0,97
77,0,95
77,0,94
77,0,93
77,0,92
77,0,91
77,0,90
77,0,89
77,0,88
77,0,85
77,0,83
77,0,80
77,0,79
77,0,78
77,0,75
77,0,73
77,0,72
77,0,71
77,0,70
77,0,69
77,0,67
77,0,65
77,0,64
77,0,62
77,0,60
77,0,58
77,0,56
77,0,51
77,1,49
77,0,46
77,0,44
77,0,42
77,0,37
77,0,35
77,1,33
77,0,32
77,1,22
77,0,16
77,0,14
77,1,11
77,1,10
77,0,6
77,1,4
76,0,341
76,0,337
76,0,335
76,0,333
76,0,329
76,0,326
76,0,325
76,0,324
76,0,323
76,0,322
76,0,321
76,0,320
76,0,319
76,0,318
76,0,317
76,0,313
76,0,312
76,0,311
76,0,307
76,0,305
76,0,304
76,0,302
76,0,301
76,0,299
76,0,297
76,0,287
76,0,286
76,0,285
76,0,284
76,0,283
76,0,282
76,0,281
76,0,280
76,0,278
76,0,277
76,0,276
76,0,274
76,0,272
76,0,271
76,0,270
76,0,269
76,0,256
76,0,249
76,0,248
76,0,245
76,0,243
76,0,242
76,0,238
76,0,237
76,0,236
76,0,235
76,0,233
76,0,232
76,0,231
76,0,229
76,0,228
76,0,227
76,0,226
76,0,225
76,0,224
76,0,223
76,0,221
76,0,220
76,0,218
76,0,214
76,0,213
76,0,210
76,0,209
76,0,208
76,0,207
76,0,206
76,0,203
76,0,202
76,0,201
76,0,200
76,0,199
76,0,198
76,0,197
76,0,196
76,0,194
76,0,193
76,0,192
76,0,191
76,0,190
76,0,189
76,0,187
76,0,186
76,0,185
76,0,183
76,0,182
76,0,179
76,1,177
76,0,175
76,0,172
76,0,171
76,0,170
76,0,167
76,0,166
76,0,165
76,1,162
76,1,161
76,0,159
76,0,158
76,0,157
76,0,156
76,0,153
76,0,152
76,0,151
76,0,150
76,0,149
76,0,148
76,0,134
76,0,131
76,0,130
76,0,129
76,0,128
76,0,126
76,0,125
76,0,124
76,0,123
76,0,122
76,0,118
76,0,117
76,0,115
76,0,113
76,0,110
76,0,109
76,0,108
76,0,105
76,0,103
76,0,101
76,0,100
76,0,99
76,0,98
76,0,97
76,0,96
76,0,95
76,0,94
76,0,93
76,0,92
76,0,91
76,0,90
76,0,89
76,0,88
76,0,85
76,0,80
76,0,79
76,0,78
76,0,75
76,0,73
76,0,71
76,0,70
76,0,67
76,0,65
76,0,64
76,0,63
76,0,62
76,0,60
76,0,59
76,0,58
76,0,57
76,0,56
76,0,55
76,0,54
76,0,52
76,0,44
76,0,42
76,0,37
76,1,33
76,0,32
76,1,30
76,0,27
76,1,20
76,1,19
76,1,18
76,0,13
76,0,3
76,0,1
75,0,333
75,0,331
75,0,324
75,1,307
75,0,306
75,0,305
75,0,304
75,1,300
75,0,297
75,0,280
75,0,247
75,0,240
75,0,239
75,0,233
75,0,232
75,0,229
75,0,228
75,0,226
75,0,225
75,0,224
75,0,223
75,0,221
75,0,218
75,0,202
75,0,201
75,0,200
75,0,193
75,0,192
75,0,186
75,0,183
75,0,181
75,0,179
75,1,177
75,1,174
75,1,173
75,0,167
75,1,163
75,1,162
75,1,161
75,0,140
75,0,127
75,0,121
75,0,118
75,0,117
75,0,106
75,0,105
75,0,100
75,0,99
75,0,98
75,0,97
75,0,95
75,0,93
75,0,91
75,0,88
75,0,85
75,0,80
75,0,71
75,0,70
75,0,67
75,0,65
75,0,62
75,0,60
75,0,58
75,0,55
75,0,54
75,1,43
75,0,39
75,1,35
75,1,33
75,1,30
75,1,28
75,1,22
75,1,21
75,1,20
75,1,19
75,1,18
75,1,12
75,1,11
75,1,10
75,1,9
75,1,7
75,1,6
75,1,5
75,1,4
74,0,340
74,0,339
74,0,338
74,0,333
74,0,329
74,0,308
74,0,307
74,0,306
74,0,304
74,0,301
74,0,297
74,0,286
74,0,285
74,0,284
74,0,283
74,0,282
74,0,281
74,0,279
74,0,278
74,0,277
74,0,276
74,0,275
74,0,274
74,0,273
74,0,272
74,0,271
74,0,270
74,0,269
74,0,268
74,0,267
74,0,266
74,0,265
74,0,264
74,0,263
74,0,262
74,0,261
74,0,260
74,0,259
74,0,258
74,0,256
74,0,255
74,0,254
74,0,252
74,0,250
74,0,249
74,0,248
74,0,243
74,0,242
74,0,241
74,0,238
74,0,237
74,0,236
74,0,235
74,0,233
74,0,232
74,0,231
74,0,230
74,0,229
74,0,228
74,0,226
74,0,225
74,0,224
74,0,223
74,0,221
74,0,220
74,0,218
74,0,213
74,0,210
74,0,209
74,0,207
74,0,206
74,0,204
74,0,203
74,0,202
74,0,201
74,0,200
74,0,198
74,0,197
74,0,195
74,0,193
74,0,189
74,0,188
74,0,186
74,0,183
74,1,177
74,0,168
74,0,167
74,0,159
74,0,158
74,0,157
74,0,156
74,0,153
74,0,152
74,0,151
74,0,149
74,0,148
74,0,147
74,0,146
74,0,145
74,0,144
74,0,143
74,0,142
74,0,141
74,0,140
74,0,138
74,0,137
74,0,136
74,0,135
74,0,134
74,0,133
74,0,132
74,0,131
74,0,130
74,0,129
74,0,127
74,0,126
74,0,125
74,0,124
74,0,123
74,0,122
74,0,121
74,0,119
74,0,118
74,0,117
74,0,116
74,0,114
74,0,113
74,0,112
74,0,109
74,0,108
74,0,105
74,0,103
74,0,100
74,0,99
74,0,98
74,0,97
74,0,95
74,0,94
74,0,93
74,0,92
74,0,91
74,0,88
74,0,85
74,0,83
74,0,80
74,0,79
74,0,78
74,0,76
74,0,75
74,0,73
74,0,71
74,0,70
74,0,69
74,0,67
74,0,66
74,0,64
74,0,62
74,0,60
74,0,58
74,0,52
74,0,48
74,0,46
74,0,45
74,0,44
74,0,42
74,0,37
74,0,36
74,0,35
74,1,33
74,0,32
74,1,30
74,1,28
74,0,27
74,1,17
74,1,11
74,1,4
73,0,339
73,0,338
73,0,337
73,0,333
73,0,330
73,0,329
73,0,327
73,0,325
73,0,307
73,0,304
73,0,301
73,0,293
73,0,286
73,0,285
73,0,284
73,0,283
73,0,281
73,0,279
73,0,278
73,0,277
73,0,276
73,0,274
73,0,273
73,0,272
73,0,271
73,0,270
73,0,269
73,0,268
73,0,267
73,0,266
73,0,264
73,0,263
73,0,262
73,0,261
73,0,260
73,0,259
73,0,258
73,0,255
73,0,254
73,0,252
73,0,251
73,0,250
73,0,248
73,0,245
73,0,243
73,0,241
73,0,238
73,0,237
73,0,235
73,0,234
73,0,233
73,0,232
73,0,230
73,0,229
73,0,228
73,0,226
73,0,225
73,0,224
73,0,223
73,0,221
73,0,220
73,0,218
73,0,213
73,0,210
73,0,207
73,0,206
73,0,204
73,0,203
73,0,202
73,0,201
73,0,200
73,0,198
73,0,197
73,0,195
73,0,193
73,0,192
73,0,191
73,0,190
73,0,189
73,0,186
73,0,184
73,0,183
73,0,175
73,0,174
73,0,168
73,1,162
73,0,159
73,0,158
73,0,157
73,0,156
73,0,150
73,0,148
73,0,147
73,0,146
73,0,144
73,0,143
73,0,142
73,0,141
73,0,138
73,0,136
73,0,135
73,0,134
73,0,132
73,0,131
73,0,129
73,0,128
73,0,127
73,0,125
73,0,124
73,0,123
73,0,122
73,0,121
73,0,119
73,0,118
73,0,117
73,0,116
73,0,115
73,0,114
73,0,113
73,0,112
73,0,109
73,0,107
73,0,103
73,0,101
73,0,100
73,0,99
73,0,98
73,0,96
73,0,95
73,0,93
73,0,91
73,0,89
73,0,88
73,0,86
73,0,85
73,1,84
73,0,82
73,0,80
73,0,79
73,0,73
73,0,72
73,0,70
73,0,67
73,0,65
73,0,64
73,0,63
73,0,62
73,0,60
73,0,58
73,0,56
73,0,46
73,0,42
73,0,37
73,1,33
73,0,32
73,1,28
73,0,27
73,1,26
73,1,22
73,1,20
73,1,17
73,1,10
73,1,9
73,1,4
73,1,0
72,0,340
72,0,339
72,0,337
72,0,333
72,0,330
72,0,329
72,0,328
72,0,327
72,0,326
72,0,325
72,0,308
72,0,304
72,0,303
72,0,302
72,0,301
72,0,300
72,0,299
72,0,298
72,0,297
72,0,294
72,0,286
72,0,285
72,0,284
72,0,283
72,0,281
72,0,279
72,0,278
72,0,277
72,0,276
72,0,274
72,0,273
72,0,272
72,0,271
72,0,270
72,0,269
72,0,268
72,0,267
72,0,266
72,0,265
72,0,264
72,0,263
72,0,262
72,0,261
72,0,260
72,0,259
72,0,258
72,0,257
72,0,254
72,0,253
72,0,252
72,0,250
72,0,249
72,0,248
72,0,243
72,0,242
72,0,237
72,0,236
72,0,235
72,0,234
72,0,233
72,0,232
72,0,230
72,0,229
72,0,228
72,0,226
72,0,225
72,0,224
72,0,223
72,0,221
72,0,220
72,0,218
72,0,217
72,0,214
72,0,213
72,0,212
72,0,210
72,0,209
72,0,207
72,0,206
72,0,204
72,0,203
72,0,202
72,0,201
72,0,200
72,0,199
72,0,198
72,0,197
72,0,195
72,0,193
72,0,192
72,0,191
72,0,190
72,0,189
72,0,187
72,0,186
72,0,185
72,0,184
72,0,183
72,0,175
72,0,174
72,0,168
72,0,167
72,0,166
72,0,165
72,0,158
72,0,157
72,0,156
72,0,155
72,0,153
72,0,151
72,0,150
72,0,149
72,0,147
72,0,144
72,0,143
72,0,142
72,0,141
72,0,138
72,0,137
72,0,136
72,0,135
72,0,134
72,0,133
72,0,132
72,0,131
72,0,130
72,0,129
72,0,128
72,0,127
72,0,125
72,0,124
72,0,123
72,0,122
72,0,121
72,0,118
72,0,117
72,0,116
72,0,115
72,0,114
72,0,112
72,0,109
72,0,108
72,0,103
72,0,102
72,0,101
72,0,100
72,0,99
72,0,95
72,0,94
72,0,93
72,0,92
72,0,91
72,0,89
72,0,88
72,0,86
72,0,85
72,0,83
72,0,82
72,0,81
72,0,80
72,0,79
72,0,78
72,0,77
72,0,76
72,0,75
72,0,74
72,0,73
72,0,72
72,0,71
72,0,70
72,0,69
72,0,67
72,0,66
72,0,65
72,0,64
72,0,63
72,0,62
72,0,60
72,0,59
72,0,58
72,0,57
72,0,56
72,0,52
72,1,49
72,0,46
72,1,44
72,0,42
72,0,39
72,0,37
72,1,34
72,1,33
72,0,32
72,1,31
72,1,29
72,1,28
72,1,26
72,0,14
72,0,13
72,1,9
72,1,4
72,0,3
71,0,333
71,0,324
71,1,314
71,0,305
71,1,299
71,0,297
71,1,291
71,1,289
71,0,286
71,0,281
71,0,278
71,0,276
71,0,275
71,0,274
71,0,270
71,0,268
71,0,267
71,0,264
71,0,262
71,0,258
71,0,254
71,0,252
71,0,248
71,0,238
71,0,230
71,0,229
71,0,228
71,0,225
71,0,224
71,0,223
71,0,221
71,0,218
71,1,215
71,0,209
71,0,202
71,0,200
71,0,193
71,0,192
71,0,186
71,0,183
71,1,177
71,1,174
71,1,173
71,0,167
71,1,165
71,1,163
71,1,162
71,1,161
71,0,157
71,0,144
71,0,143
71,0,140
71,0,136
71,0,132
71,0,131
71,0,127
71,0,125
71,0,123
71,0,118
71,0,105
71,0,100
71,0,99
71,0,96
71,0,94
71,0,93
71,0,92
71,0,91
71,0,88
71,0,80
71,0,70
71,0,67
71,0,65
71,0,60
71,0,58
71,0,55
71,1,50
71,1,49
71,1,48
71,0,46
71,1,45
71,0,44
71,1,40
71,1,35
71,1,34
71,1,33
71,1,30
71,1,23
71,1,22
71,1,21
71,1,20
71,1,19
71,1,17
71,1,12
71,1,11
71,1,9
71,1,7
71,1,6
71,1,5
71,1,4
71,1,2
70,0,337
70,0,333
70,0,329
70,0,327
70,1,314
70,0,298
70,0,297
70,0,286
70,0,284
70,0,283
70,0,281
70,0,278
70,0,276
70,0,274
70,0,273
70,0,272
70,0,271
70,0,270
70,0,269
70,0,267
70,0,258
70,0,257
70,0,255
70,0,254
70,0,252
70,0,248
70,0,243
70,0,242
70,0,240
70,0,239
70,0,238
70,0,236
70,0,235
70,0,234
70,0,232
70,0,231
70,0,229
70,0,228
70,0,225
70,0,223
70,0,221
70,0,220
70,0,218
70,0,210
70,0,208
70,0,206
70,0,203
70,0,202
70,0,201
70,0,200
70,0,198
70,0,196
70,0,193
70,0,192
70,0,191
70,0,189
70,0,188
70,0,186
70,0,184
70,0,183
70,1,177
70,0,175
70,1,174
70,0,169
70,0,167
70,1,162
70,0,159
70,0,158
70,0,157
70,0,147
70,0,146
70,0,144
70,0,142
70,0,140
70,0,139
70,0,136
70,0,132
70,0,131
70,0,129
70,0,127
70,0,126
70,0,123
70,0,122
70,0,121
70,0,119
70,0,118
70,0,116
70,0,109
70,0,106
70,0,105
70,0,103
70,0,100
70,0,99
70,0,98
70,0,97
70,0,95
70,0,94
70,0,93
70,0,92
70,0,91
70,0,89
70,0,88
70,0,85
70,0,80
70,0,79
70,0,70
70,0,69
70,0,67
70,0,65
70,0,63
70,0,62
70,0,60
70,0,58
70,0,57
70,1,50
70,1,49
70,0,44
70,1,40
70,0,35
70,1,33
70,0,32
70,1,30
70,1,28
70,1,22
70,1,21
70,1,20
70,1,17
70,0,13
70,1,12
70,1,11
70,1,10
70,1,4
70,1,2
70,1,0
69,0,333
69,0,331
69,0,302
69,0,301
69,0,252
69,0,247
69,0,244
69,0,242
69,0,240
69,0,239
69,0,238
69,0,235
69,0,232
69,0,230
69,0,229
69,0,228
69,0,227
69,0,226
69,0,225
69,0,224
69,0,223
69,0,222
69,0,221
69,0,220
69,0,218
69,0,214
69,0,213
69,0,210
69,0,209
69,0,206
69,0,203
69,0,202
69,0,201
69,0,200
69,0,198
69,0,196
69,0,193
69,0,167
69,1,162
69,0,140
69,0,127
69,0,121
69,0,119
69,0,118
69,0,109
69,0,108
69,0,106
69,0,105
69,0,103
69,0,100
69,0,99
69,0,98
69,0,97
69,0,96
69,0,95
69,0,94
69,0,93
69,0,92
69,0,91
69,0,88
69,0,86
69,0,85
69,0,83
69,0,80
69,0,79
69,0,78
69,0,73
69,0,72
69,0,71
69,0,67
69,0,65
69,0,64
69,0,62
69,0,60
69,0,58
69,0,44
69,0,39
69,1,33
69,1,30
69,1,22
69,1,21
69,1,12
68,0,340
68,0,333
68,0,329
68,0,328
68,0,308
68,0,304
68,0,302
68,0,301
68,0,285
68,0,283
68,0,281
68,0,280
68,0,278
68,0,277
68,0,276
68,0,275
68,0,274
68,0,272
68,0,271
68,0,270
68,0,269
68,0,268
68,0,267
68,0,266
68,0,264
68,0,262
68,0,261
68,0,260
68,0,259
68,0,258
68,0,257
68,0,255
68,0,254
68,0,252
68,0,250
68,0,248
68,0,243
68,0,242
68,0,239
68,0,238
68,0,237
68,0,235
68,0,233
68,0,232
68,0,231
68,0,230
68,0,229
68,0,228
68,0,226
68,0,225
68,0,224
68,0,223
68,0,222
68,0,221
68,0,220
68,0,218
68,0,217
68,0,214
68,0,213
68,0,212
68,0,210
68,0,209
68,0,208
68,0,207
68,0,206
68,0,204
68,0,203
68,0,202
68,0,201
68,0,200
68,0,198
68,0,197
68,0,195
68,0,193
68,0,185
68,0,175
68,0,167
68,0,166
68,1,162
68,0,158
68,0,157
68,0,153
68,0,147
68,0,146
68,0,144
68,0,143
68,0,142
68,0,141
68,0,140
68,0,138
68,0,136
68,0,134
68,0,132
68,0,131
68,0,129
68,0,128
68,0,127
68,0,125
68,0,123
68,0,122
68,0,121
68,0,118
68,0,117
68,0,116
68,0,114
68,0,109
68,0,105
68,0,103
68,0,101
68,0,100
68,0,99
68,0,98
68,0,97
68,0,96
68,0,95
68,0,94
68,0,93
68,0,92
68,0,91
68,0,88
68,0,86
68,0,85
68,0,83
68,0,82
68,0,81
68,0,80
68,0,79
68,0,78
68,0,77
68,0,75
68,0,74
68,0,73
68,0,72
68,0,71
68,0,70
68,0,69
68,0,67
68,0,65
68,0,64
68,0,63
68,0,62
68,0,60
68,0,58
68,0,52
68,1,50
68,1,49
68,0,46
68,1,33
68,0,32
68,0,27
68,1,23
68,1,22
68,1,21
68,0,13
68,1,7
68,1,6
68,1,4
67,0,333
67,0,329
67,1,316
67,0,308
67,0,306
67,0,305
67,0,301
67,0,298
67,0,294
67,0,286
67,0,284
67,0,283
67,0,281
67,0,279
67,0,278
67,0,277
67,0,276
67,0,273
67,0,272
67,0,271
67,0,270
67,0,269
67,0,267
67,0,262
67,0,261
67,0,260
67,0,258
67,0,257
67,0,254
67,0,253
67,0,248
67,0,246
67,0,245
67,0,242
67,0,240
67,0,239
67,0,238
67,0,237
67,0,236
67,0,235
67,0,232
67,0,231
67,0,230
67,0,229
67,0,228
67,0,227
67,0,224
67,0,223
67,0,221
67,0,220
67,0,218
67,1,215
67,0,210
67,0,209
67,0,208
67,0,206
67,0,204
67,0,202
67,0,201
67,0,200
67,0,198
67,0,193
67,0,192
67,0,191
67,0,189
67,0,188
67,0,186
67,0,183
67,1,177
67,0,174
67,0,167
67,0,166
67,1,163
67,1,162
67,1,161
67,0,159
67,0,158
67,0,157
67,0,150
67,0,147
67,0,146
67,0,144
67,0,142
67,0,140
67,0,138
67,0,136
67,0,132
67,0,131
67,0,127
67,0,123
67,0,122
67,0,119
67,0,118
67,0,112
67,0,107
67,0,106
67,0,105
67,0,103
67,0,100
67,0,99
67,0,95
67,0,94
67,0,93
67,0,92
67,0,91
67,0,89
67,0,88
67,0,85
67,0,80
67,0,79
67,0,70
67,0,67
67,0,64
67,0,62
67,0,60
67,0,59
67,0,58
67,0,56
67,0,52
67,0,51
67,1,49
67,0,46
67,0,44
67,1,41
67,1,33
67,0,32
67,1,30
67,1,28
67,1,22
67,1,21
67,1,20
67,1,19
67,1,18
67,1,17
67,0,13
67,1,12
67,1,9
67,1,7
67,1,4
67,0,3
67,1,2
67,1,0
66,0,333
66,0,329
66,0,327
66,0,324
66,1,314
66,0,286
66,0,285
66,0,284
66,0,283
66,0,281
66,0,278
66,0,277
66,0,276
66,0,274
66,0,273
66,0,272
66,0,271
66,0,270
66,0,269
66,0,268
66,0,267
66,0,264
66,0,263
66,0,262
66,0,261
66,0,260
66,0,258
66,0,257
66,0,255
66,0,254
66,0,252
66,0,248
66,0,243
66,0,239
66,0,238
66,0,233
66,0,232
66,0,230
66,0,229
66,0,228
66,0,226
66,0,225
66,0,224
66,0,223
66,0,221
66,0,220
66,0,218
66,0,210
66,0,209
66,0,207
66,0,206
66,0,204
66,0,203
66,0,202
66,0,201
66,0,200
66,0,198
66,0,193
66,0,192
66,0,186
66,0,183
66,0,181
66,0,179
66,1,173
66,0,167
66,0,166
66,1,163
66,1,162
66,1,161
66,0,158
66,0,157
66,0,153
66,0,150
66,0,147
66,0,146
66,0,144
66,0,143
66,0,142
66,0,141
66,0,140
66,0,138
66,0,136
66,0,135
66,0,134
66,0,133
66,0,132
66,0,131
66,0,128
66,0,127
66,0,125
66,0,123
66,0,122
66,0,121
66,0,119
66,0,118
66,0,116
66,0,115
66,0,103
66,0,101
66,0,100
66,0,99
66,0,97
66,0,96
66,0,95
66,0,94
66,0,93
66,0,92
66,0,91
66,0,88
66,0,86
66,0,85
66,0,83
66,0,80
66,0,79
66,0,78
66,0,74
66,0,73
66,0,71
66,0,70
66,0,67
66,0,65
66,0,64
66,0,60
66,0,58
66,0,55
66,0,54
66,1,50
66,1,49
66,0,46
66,1,34
66,1,33
66,1,30
66,1,28
66,1,22
66,1,21
66,1,20
66,1,17
66,1,12
66,1,11
66,1,10
66,1,9
66,1,7
66,1,6
66,1,5
66,1,4
66,1,2
65,0,337
65,0,335
65,0,333
65,0,331
65,0,330
65,0,329
65,0,328
65,0,327
65,0,326
65,0,325
65,0,312
65,0,310
65,0,308
65,0,307
65,0,304
65,0,302
65,0,301
65,0,300
65,0,299
65,0,298
65,0,297
65,0,296
65,0,295
65,0,294
65,0,293
65,0,292
65,0,291
65,0,286
65,0,280
65,0,254
65,0,250
65,0,249
65,0,247
65,0,244
65,0,242
65,0,241
65,0,240
65,0,239
65,0,237
65,0,236
65,0,234
65,0,233
65,0,232
65,0,231
65,0,230
65,0,229
65,0,228
65,0,227
65,0,226
65,0,225
65,0,224
65,0,223
65,0,222
65,0,221
65,0,220
65,0,218
65,0,217
65,0,213
65,0,211
65,0,210
65,0,209
65,0,208
65,0,207
65,0,206
65,0,205
65,0,204
65,0,203
65,0,202
65,0,201
65,0,200
65,0,199
65,0,198
65,0,197
65,0,196
65,0,195
65,0,194
65,0,193
65,0,192
65,0,191
65,0,190
65,0,189
65,0,188
65,0,187
65,0,186
65,0,185
65,0,184
65,0,183
65,0,175
65,0,174
65,0,169
65,0,167
65,0,166
65,0,165
65,0,163
65,0,160
65,0,127
65,0,122
65,0,121
65,0,118
65,0,117
65,0,111
65,0,107
65,0,106
65,0,105
65,0,104
65,0,103
65,0,102
65,0,100
65,0,99
65,0,98
65,0,97
65,0,95
65,0,94
65,0,93
65,0,92
65,0,89
65,0,88
65,0,86
65,0,85
65,0,83
65,0,80
65,0,79
65,0,78
65,0,77
65,0,76
65,0,75
65,0,74
65,0,73
65,0,72
65,0,71
65,0,69
65,0,68
65,0,67
65,0,65
65,0,64
65,0,63
65,0,62
65,0,61
65,0,60
65,0,59
65,0,58
65,0,57
65,0,56
65,0,53
65,0,37
65,1,31
65,0,30
65,1,29
65,0,27
65,1,22
65,0,16
65,0,15
65,0,13
65,0,6
64,0,340
64,0,339
64,0,329
64,0,325
64,0,324
64,0,317
64,0,315
64,0,301
64,0,298
64,0,297
64,0,288
64,0,286
64,0,285
64,0,284
64,0,283
64,0,282
64,0,281
64,0,279
64,0,278
64,0,277
64,0,276
64,0,275
64,0,274
64,0,273
64,0,272
64,0,271
64,0,270
64,0,269
64,0,268
64,0,267
64,0,266
64,0,265
64,0,264
64,0,263
64,0,262
64,0,261
64,0,260
64,0,259
64,0,258
64,0,257
64,0,256
64,0,255
64,0,254
64,0,253
64,0,252
64,0,251
64,0,250
64,0,249
64,0,248
64,0,245
64,0,243
64,0,242
64,0,241
64,0,237
64,0,236
64,0,233
64,0,232
64,0,230
64,0,229
64,0,228
64,0,226
64,0,225
64,0,224
64,0,223
64,0,221
64,0,220
64,0,218
64,0,213
64,0,210
64,0,209
64,0,207
64,0,206
64,0,204
64,0,203
64,0,202
64,0,201
64,0,200
64,0,198
64,0,197
64,0,196
64,0,193
64,0,192
64,0,190
64,0,188
64,0,186
64,0,184
64,0,183
64,0,182
64,0,181
64,0,179
64,1,177
64,1,173
64,0,172
64,1,162
64,0,159
64,0,158
64,0,157
64,0,156
64,0,155
64,0,154
64,0,153
64,0,152
64,0,151
64,0,150
64,0,149
64,0,148
64,0,147
64,0,146
64,0,145
64,0,144
64,0,143
64,0,142
64,0,141
64,0,140
64,0,138
64,0,137
64,0,136
64,0,135
64,0,134
64,0,133
64,0,132
64,0,131
64,0,130
64,0,129
64,0,128
64,0,127
64,0,126
64,0,125
64,0,124
64,0,123
64,0,122
64,0,121
64,0,119
64,0,118
64,0,117
64,0,116
64,0,115
64,0,114
64,0,113
64,0,112
64,0,111
64,0,110
64,0,109
64,0,108
64,0,107
64,0,105
64,0,103
64,0,102
64,0,101
64,0,100
64,0,99
64,0,97
64,0,95
64,0,94
64,0,93
64,0,92
64,0,91
64,0,88
64,0,86
64,0,85
64,0,83
64,0,80
64,0,79
64,0,78
64,0,73
64,0,72
64,0,70
64,0,69
64,0,67
64,0,65
64,0,64
64,0,62
64,0,60
64,0,59
64,0,58
64,0,52
64,0,51
64,0,50
64,0,48
64,0,47
64,0,46
64,0,44
64,0,42
64,0,39
64,0,37
64,0,36
64,0,35
64,1,33
64,0,32
64,1,30
64,1,28
64,1,25
64,1,24
64,1,19
64,1,17
64,1,12
64,1,11
64,1,5
64,0,3
64,1,0
63,0,331
63,0,329
63,0,308
63,0,307
63,0,304
63,0,298
63,0,286
63,0,280
63,0,247
63,0,242
63,0,240
63,0,239
63,0,238
63,0,236
63,0,233
63,0,232
63,0,231
63,0,229
63,0,228
63,0,226
63,0,225
63,0,224
63,0,223
63,0,222
63,0,221
63,0,220
63,0,218
63,0,213
63,0,210
63,0,209
63,0,208
63,0,207
63,0,206
63,0,204
63,0,203
63,0,202
63,0,201
63,0,200
63,0,198
63,0,193
63,0,192
63,0,189
63,0,188
63,0,186
63,0,183
63,0,167
63,1,162
63,0,127
63,0,121
63,0,119
63,0,108
63,0,106
63,0,105
63,0,103
63,0,95
63,0,94
63,0,93
63,0,92
63,0,91
63,0,89
63,0,88
63,0,86
63,0,85
63,0,83
63,0,81
63,0,80
63,0,78
63,0,73
63,0,70
63,0,69
63,0,67
63,0,65
63,0,62
63,0,60
63,0,59
63,0,58
63,1,41
63,0,39
63,0,37
63,1,33
63,0,32
63,1,26
63,1,22
63,1,21
63,1,20
63,1,19
63,1,17
63,1,12
63,1,11
63,1,10
63,1,9
63,1,7
63,1,6
62,0,333
62,0,329
62,0,327
62,0,301
62,0,286
62,0,285
62,0,284
62,0,283
62,0,281
62,0,280
62,0,279
62,0,278
62,0,277
62,0,276
62,0,274
62,0,273
62,0,272
62,0,271
62,0,270
62,0,269
62,0,256
62,0,248
62,0,243
62,0,242
62,0,238
62,0,237
62,0,232
62,0,229
62,0,226
62,0,224
62,0,223
62,0,221
62,0,220
62,0,218
62,0,210
62,0,209
62,0,206
62,0,203
62,0,202
62,0,201
62,0,200
62,0,198
62,0,193
62,0,192
62,0,189
62,0,186
62,0,183
62,1,177
62,1,162
62,0,159
62,0,158
62,0,157
62,0,156
62,0,155
62,0,152
62,0,149
62,0,148
62,0,134
62,0,131
62,0,129
62,0,128
62,0,126
62,0,125
62,0,123
62,0,122
62,0,117
62,0,115
62,0,109
62,0,108
62,0,105
62,0,103
62,0,101
62,0,100
62,0,99
62,0,97
62,0,95
62,0,93
62,0,92
62,0,91
62,0,89
62,0,88
62,0,85
62,0,80
62,0,79
62,0,78
62,0,72
62,0,71
62,0,70
62,0,67
62,0,65
62,0,64
62,0,63
62,0,62
62,0,60
62,0,58
62,1,49
62,0,44
62,0,37
62,0,36
62,1,34
62,1,33
62,1,30
62,1,28
62,1,24
62,1,22
62,1,21
62,1,20
62,1,17
62,1,12
62,1,11
62,1,10
62,1,9
62,1,7
62,1,4
62,1,2
61,0,329
61,0,324
61,1,314
61,1,311
61,1,292
61,1,289
61,0,278
61,0,270
61,0,269
61,0,267
61,0,262
61,0,260
61,0,258
61,0,254
61,0,252
61,0,248
61,0,236
61,0,233
61,0,232
61,0,231
61,0,229
61,0,228
61,0,226
61,0,225
61,0,224
61,0,223
61,0,221
61,0,218
61,1,215
61,0,209
61,0,200
61,1,195
61,0,193
61,0,192
61,0,189
61,0,188
61,0,186
61,0,183
61,0,181
61,0,179
61,1,177
61,1,175
61,1,174
61,1,173
61,0,167
61,1,163
61,1,162
61,1,161
61,0,157
61,0,147
61,1,145
61,0,144
61,0,143
61,0,131
61,1,124
61,0,123
61,1,107
61,0,100
61,0,99
61,0,95
61,0,94
61,0,93
61,0,91
61,0,88
61,0,85
61,0,80
61,1,77
61,0,70
61,0,67
61,0,65
61,0,60
61,0,58
61,1,53
61,1,51
61,1,50
61,1,49
61,1,48
61,1,47
61,1,45
61,1,42
61,1,41
61,1,40
61,1,38
61,1,34
61,1,33
61,1,31
61,1,25
61,1,23
61,1,22
61,1,21
61,1,20
61,1,19
61,1,17
61,1,16
61,1,14
61,1,13
61,1,12
61,1,11
61,1,10
61,1,9
61,1,8
61,1,7
61,1,6
61,1,5
61,1,4
61,1,2
61,1,1
61,1,0
60,0,331
60,0,329
60,0,310
60,0,308
60,0,304
60,0,303
60,0,301
60,0,298
60,0,286
60,0,261
60,0,254
60,0,252
60,0,247
60,0,243
60,0,242
60,0,239
60,0,238
60,0,237
60,0,236
60,0,234
60,0,233
60,0,231
60,0,229
60,0,228
60,0,226
60,0,225
60,0,224
60,0,223
60,0,222
60,0,221
60,0,220
60,0,219
60,0,218
60,0,217
60,0,216
60,0,215
60,0,214
60,0,213
60,0,212
60,0,210
60,0,209
60,0,208
60,0,207
60,0,206
60,0,204
60,0,203
60,0,202
60,0,201
60,0,200
60,0,198
60,0,193
60,0,192
60,0,189
60,0,186
60,0,183
60,0,175
60,0,167
60,0,166
60,1,162
60,1,161
60,0,153
60,0,134
60,0,127
60,0,121
60,0,119
60,0,118
60,0,117
60,0,107
60,0,106
60,0,105
60,0,103
60,0,99
60,0,95
60,0,94
60,0,93
60,0,92
60,0,91
60,0,89
60,0,88
60,0,87
60,0,86
60,0,85
60,0,83
60,0,82
60,0,81
60,0,80
60,0,79
60,0,78
60,0,75
60,0,73
60,0,72
60,0,70
60,0,69
60,0,67
60,0,66
60,0,65
60,0,64
60,0,62
60,0,60
60,0,58
60,0,44
60,0,39
60,0,37
60,1,33
60,0,32
60,1,31
60,1,29
60,1,22
60,1,21
60,1,17
60,0,13
60,1,12
60,1,11
60,1,10
60,1,9
60,1,7
60,1,6
59,0,331
59,0,329
59,0,308
59,0,304
59,0,298
59,0,286
59,0,261
59,0,254
59,0,242
59,0,239
59,0,238
59,0,237
59,0,236
59,0,233
59,0,232
59,0,231
59,0,230
59,0,228
59,0,226
59,0,225
59,0,224
59,0,223
59,0,222
59,0,221
59,0,220
59,0,218
59,0,213
59,0,210
59,0,209
59,0,207
59,0,206
59,0,204
59,0,203
59,0,202
59,0,201
59,0,200
59,0,198
59,0,193
59,0,192
59,0,189
59,0,186
59,0,183
59,1,162
59,0,134
59,0,127
59,0,121
59,0,118
59,0,106
59,0,105
59,0,104
59,0,103
59,0,100
59,0,99
59,0,96
59,0,95
59,0,94
59,0,93
59,0,92
59,0,91
59,0,89
59,0,88
59,0,85
59,0,83
59,0,80
59,0,79
59,0,78
59,0,75
59,0,73
59,0,72
59,0,71
59,0,70
59,0,69
59,0,67
59,0,66
59,0,65
59,0,64
59,0,62
59,0,60
59,0,58
59,0,44
59,1,41
59,1,33
59,0,32
59,1,30
59,1,28
59,1,22
59,1,21
59,1,20
59,1,17
59,1,12
59,1,11
59,1,10
59,1,9
59,1,7
59,1,6
59,1,5
58,0,339
58,0,337
58,0,333
58,0,329
58,0,328
58,0,327
58,0,325
58,0,308
58,0,307
58,0,304
58,0,302
58,0,301
58,0,298
58,0,297
58,0,286
58,0,285
58,0,284
58,0,283
58,0,281
58,0,280
58,0,278
58,0,277
58,0,276
58,0,275
58,0,274
58,0,272
58,0,271
58,0,270
58,0,269
58,0,268
58,0,267
58,0,266
58,0,265
58,0,264
58,0,263
58,0,262
58,0,261
58,0,260
58,0,259
58,0,258
58,0,257
58,0,256
58,0,255
58,0,254
58,0,252
58,0,250
58,0,249
58,0,248
58,0,243
58,0,242
58,0,238
58,0,237
58,0,236
58,0,234
58,0,233
58,0,232
58,0,231
58,0,230
58,0,229
58,0,228
58,0,226
58,0,225
58,0,224
58,0,223
58,0,221
58,0,220
58,0,218
58,0,217
58,0,214
58,0,213
58,0,211
58,0,210
58,0,209
58,0,208
58,0,207
58,0,206
58,0,204
58,0,203
58,0,202
58,0,201
58,0,200
58,0,198
58,0,197
58,0,196
58,0,195
58,0,194
58,0,193
58,0,192
58,0,190
58,0,188
58,0,186
58,0,185
58,0,183
58,0,175
58,0,166
58,0,165
58,1,162
58,0,158
58,0,157
58,0,156
58,0,154
58,0,153
58,0,151
58,0,150
58,0,148
58,0,147
58,0,146
58,0,144
58,0,143
58,0,142
58,0,141
58,0,140
58,0,138
58,0,136
58,0,134
58,0,132
58,0,131
58,0,130
58,0,129
58,0,127
58,0,126
58,0,125
58,0,123
58,0,122
58,0,121
58,0,119
58,0,118
58,0,117
58,0,116
58,0,114
58,0,112
58,0,109
58,0,108
58,0,105
58,0,103
58,0,101
58,0,100
58,0,99
58,0,98
58,0,97
58,0,95
58,0,94
58,0,93
58,0,92
58,0,91
58,0,89
58,0,88
58,0,86
58,0,85
58,0,83
58,0,80
58,0,79
58,0,78
58,0,77
58,0,76
58,0,75
58,0,74
58,0,73
58,0,72
58,0,71
58,0,70
58,0,69
58,0,67
58,0,66
58,0,65
58,0,64
58,0,63
58,0,62
58,0,60
58,0,59
58,0,58
58,0,57
58,1,49
58,0,46
58,0,44
58,1,40
58,0,37
58,0,36
58,1,34
58,1,33
58,0,32
58,1,28
58,1,23
58,1,22
58,1,21
58,0,15
58,0,13
58,1,11
58,1,4
57,0,331
57,1,303
57,0,252
57,0,239
57,0,238
57,0,232
57,0,231
57,0,230
57,0,229
57,0,228
57,0,225
57,0,224
57,0,223
57,0,222
57,0,221
57,1,215
57,1,177
57,0,140
57,0,118
57,0,117
57,0,106
57,0,105
57,0,100
57,0,99
57,0,95
57,0,91
57,1,89
57,0,88
57,0,83
57,0,70
57,0,60
57,0,44
57,1,41
57,0,39
57,1,35
57,1,33
57,1,30
57,1,25
57,1,23
57,1,22
57,1,21
57,1,20
57,1,19
57,1,18
57,1,6
57,1,5
56,0,341
56,0,337
56,0,335
56,0,334
56,0,333
56,0,330
56,0,329
56,0,328
56,0,327
56,0,325
56,0,312
56,0,311
56,0,307
56,0,306
56,0,305
56,0,304
56,0,302
56,0,301
56,0,286
56,0,285
56,0,284
56,0,283
56,0,282
56,0,281
56,0,280
56,0,279
56,0,278
56,0,277
56,0,276
56,0,275
56,0,274
56,0,273
56,0,272
56,0,271
56,0,270
56,0,269
56,0,268
56,0,267
56,0,266
56,0,265
56,0,264
56,0,263
56,0,262
56,0,261
56,0,260
56,0,259
56,0,258
56,0,257
56,0,256
56,0,255
56,0,254
56,0,252
56,0,251
56,0,250
56,0,249
56,0,248
56,0,245
56,0,243
56,0,242
56,0,241
56,0,238
56,0,237
56,0,236
56,0,233
56,0,232
56,0,231
56,0,230
56,0,229
56,0,228
56,0,226
56,0,225
56,0,224
56,0,223
56,0,221
56,0,220
56,0,218
56,0,213
56,0,211
56,0,210
56,0,209
56,0,208
56,0,207
56,0,206
56,0,204
56,0,203
56,0,202
56,0,201
56,0,200
56,0,199
56,0,198
56,0,197
56,0,196
56,0,195
56,0,193
56,0,192
56,0,191
56,0,190
56,0,189
56,0,186
56,0,185
56,0,184
56,0,183
56,0,175
56,0,174
56,0,168
56,0,167
56,0,166
56,0,165
56,1,162
56,0,159
56,0,158
56,0,157
56,0,156
56,0,155
56,0,153
56,0,152
56,0,151
56,0,149
56,0,148
56,0,147
56,0,146
56,0,144
56,0,143
56,0,142
56,0,141
56,0,140
56,0,138
56,0,137
56,0,136
56,0,135
56,0,134
56,0,133
56,0,132
56,0,131
56,0,129
56,0,128
56,0,127
56,0,126
56,0,125
56,0,124
56,0,123
56,0,122
56,0,121
56,0,120
56,0,119
56,0,118
56,0,117
56,0,116
56,0,115
56,0,114
56,0,113
56,0,112
56,0,109
56,0,108
56,0,107
56,0,105
56,0,103
56,0,101
56,0,100
56,0,99
56,0,98
56,0,97
56,0,96
56,0,95
56,0,94
56,0,93
56,0,92
56,0,91
56,0,90
56,0,89
56,0,88
56,0,86
56,0,85
56,0,80
56,0,79
56,0,78
56,0,77
56,0,76
56,0,75
56,0,73
56,0,72
56,0,71
56,0,70
56,0,69
56,0,68
56,0,67
56,0,65
56,0,64
56,0,63
56,0,62
56,0,60
56,0,59
56,0,58
56,0,50
56,0,48
56,0,46
56,0,44
56,0,42
56,0,37
56,0,35
56,1,30
56,0,27
56,0,25
56,0,22
56,0,15
56,0,14
56,0,13
56,1,11
56,1,10
55,0,329
55,0,313
55,0,307
55,0,301
55,0,298
55,0,297
55,0,286
55,0,285
55,0,284
55,0,283
55,0,281
55,0,280
55,0,279
55,0,278
55,0,277
55,0,276
55,0,275
55,0,274
55,0,272
55,0,271
55,0,270
55,0,269
55,0,268
55,0,267
55,0,266
55,0,264
55,0,263
55,0,262
55,0,261
55,0,260
55,0,259
55,0,258
55,0,257
55,0,255
55,0,254
55,0,252
55,0,250
55,0,248
55,0,243
55,0,242
55,0,238
55,0,236
55,0,235
55,0,233
55,0,232
55,0,231
55,0,230
55,0,229
55,0,228
55,0,226
55,0,225
55,0,224
55,0,223
55,0,221
55,0,218
55,0,214
55,0,213
55,0,209
55,0,207
55,0,206
55,0,204
55,0,202
55,0,201
55,0,200
55,0,198
55,0,193
55,0,192
55,0,189
55,0,186
55,0,183
55,0,167
55,1,163
55,1,162
55,1,161
55,0,158
55,0,157
55,0,156
55,0,151
55,0,147
55,0,144
55,0,143
55,0,141
55,0,140
55,0,136
55,0,134
55,0,132
55,0,131
55,0,129
55,0,127
55,0,126
55,0,125
55,0,123
55,0,122
55,0,121
55,0,118
55,0,117
55,0,114
55,0,112
55,0,109
55,0,108
55,0,105
55,0,103
55,0,100
55,0,99
55,0,97
55,0,95
55,0,94
55,0,92
55,0,91
55,0,88
55,0,85
55,0,83
55,0,81
55,0,80
55,0,79
55,0,78
55,0,73
55,0,70
55,0,67
55,0,65
55,0,64
55,0,62
55,0,60
55,0,58
55,1,50
55,1,49
55,0,46
55,0,44
55,1,40
55,0,36
55,1,34
55,1,33
55,0,32
55,1,28
55,1,22
55,1,21
55,1,20
55,1,19
55,1,17
55,1,12
55,1,11
55,1,9
55,1,7
55,1,6
55,1,5
55,1,4
55,1,2
54,0,337
54,0,333
54,0,327
54,0,324
54,0,323
54,0,321
54,0,317
54,0,298
54,0,297
54,0,286
54,0,285
54,0,284
54,0,283
54,0,281
54,0,279
54,0,278
54,0,277
54,0,276
54,0,274
54,0,273
54,0,272
54,0,271
54,0,270
54,0,269
54,0,268
54,0,267
54,0,266
54,0,264
54,0,262
54,0,261
54,0,260
54,0,259
54,0,258
54,0,255
54,0,254
54,0,253
54,0,252
54,0,250
54,0,248
54,0,243
54,0,242
54,0,238
54,0,236
54,0,234
54,0,233
54,0,232
54,0,231
54,0,230
54,0,229
54,0,228
54,0,225
54,0,224
54,0,223
54,0,221
54,0,220
54,0,218
54,0,210
54,0,209
54,0,207
54,0,206
54,0,204
54,0,203
54,0,202
54,0,200
54,0,198
54,0,197
54,0,196
54,0,194
54,0,193
54,0,192
54,0,191
54,0,190
54,0,189
54,0,188
54,0,186
54,0,184
54,0,183
54,0,181
54,0,179
54,1,177
54,1,175
54,1,173
54,1,172
54,0,167
54,1,163
54,1,162
54,0,158
54,0,157
54,0,156
54,0,153
54,0,151
54,0,149
54,0,148
54,0,147
54,0,146
54,0,144
54,0,143
54,0,142
54,0,141
54,0,140
54,0,138
54,0,137
54,0,136
54,0,135
54,0,132
54,0,131
54,0,130
54,0,129
54,0,127
54,0,126
54,0,125
54,0,123
54,0,122
54,0,121
54,0,120
54,0,119
54,0,118
54,0,116
54,0,115
54,0,114
54,0,110
54,0,109
54,0,108
54,0,105
54,0,103
54,0,101
54,0,100
54,0,99
54,0,97
54,0,95
54,0,94
54,0,93
54,0,92
54,0,91
54,0,89
54,0,88
54,0,85
54,0,80
54,0,78
54,0,75
54,0,70
54,0,69
54,0,67
54,0,65
54,0,64
54,0,62
54,0,60
54,0,58
54,0,57
54,0,56
54,0,55
54,0,54
54,1,49
54,0,46
54,1,37
54,1,33
54,1,30
54,0,27
54,1,22
54,1,21
54,1,20
54,1,19
54,1,17
54,1,12
54,1,11
54,1,7
54,1,4
54,1,3
54,1,2
53,0,337
53,0,334
53,0,333
53,0,329
53,0,324
53,0,323
53,0,322
53,1,314
53,0,313
53,0,312
53,0,307
53,0,305
53,0,301
53,0,298
53,0,297
53,0,286
53,0,285
53,0,284
53,0,283
53,0,281
53,0,280
53,0,278
53,0,277
53,0,276
53,0,275
53,0,274
53,0,272
53,0,271
53,0,270
53,0,269
53,0,268
53,0,267
53,0,266
53,0,265
53,0,264
53,0,263
53,0,262
53,0,261
53,0,260
53,0,258
53,0,257
53,0,256
53,0,255
53,0,254
53,0,252
53,0,251
53,0,249
53,0,248
53,0,243
53,0,242
53,0,238
53,0,237
53,0,236
53,0,235
53,0,232
53,0,230
53,0,229
53,0,228
53,0,226
53,0,225
53,0,224
53,0,223
53,0,221
53,0,220
53,0,218
53,1,215
53,0,209
53,0,206
53,0,204
53,0,203
53,0,202
53,0,201
53,0,200
53,0,198
53,0,193
53,0,192
53,0,190
53,0,189
53,0,188
53,0,186
53,0,184
53,0,183
53,0,181
53,0,179
53,0,172
53,0,167
53,1,163
53,0,159
53,0,158
53,0,157
53,0,156
53,0,153
53,0,147
53,0,146
53,0,144
53,0,142
53,0,141
53,0,140
53,0,138
53,0,136
53,0,134
53,0,132
53,0,131
53,0,130
53,0,129
53,0,128
53,0,127
53,0,125
53,0,123
53,0,122
53,0,121
53,0,118
53,0,117
53,0,116
53,0,114
53,0,112
53,0,108
53,0,107
53,0,105
53,0,101
53,0,100
53,0,99
53,0,98
53,0,97
53,0,96
53,0,95
53,0,94
53,0,93
53,0,92
53,0,91
53,0,90
53,0,89
53,0,88
53,0,80
53,0,79
53,0,78
53,0,73
53,0,72
53,0,71
53,0,70
53,0,69
53,0,67
53,0,65
53,0,64
53,0,60
53,0,58
53,0,55
53,1,49
53,0,44
53,1,40
53,1,33
53,0,32
53,1,23
53,0,22
53,0,18
53,1,11
53,1,4
53,1,2
52,0,339
52,0,337
52,0,333
52,0,329
52,1,314
52,0,308
52,0,302
52,0,301
52,0,298
52,0,297
52,0,286
52,0,285
52,0,283
52,0,281
52,0,279
52,0,278
52,0,277
52,0,276
52,0,274
52,0,272
52,0,271
52,0,270
52,0,269
52,0,268
52,0,267
52,0,265
52,0,264
52,0,262
52,0,261
52,0,260
52,0,259
52,0,258
52,0,255
52,0,254
52,0,252
52,0,248
52,0,243
52,0,242
52,0,238
52,0,237
52,0,236
52,0,235
52,0,233
52,0,232
52,0,231
52,0,230
52,0,229
52,0,228
52,0,226
52,0,225
52,0,224
52,0,223
52,0,221
52,0,220
52,0,218
52,0,213
52,0,211
52,0,210
52,0,208
52,0,207
52,0,206
52,0,204
52,0,203
52,0,202
52,0,201
52,0,200
52,0,199
52,0,198
52,0,197
52,0,195
52,0,193
52,0,192
52,0,189
52,0,186
52,0,185
52,0,184
52,0,183
52,0,174
52,0,167
52,0,166
52,1,161
52,0,158
52,0,157
52,0,151
52,0,149
52,0,147
52,0,144
52,0,143
52,0,142
52,0,141
52,0,138
52,0,136
52,0,134
52,0,132
52,0,131
52,0,127
52,0,126
52,0,123
52,0,122
52,0,121
52,0,118
52,0,117
52,0,116
52,0,114
52,0,109
52,0,108
52,0,105
52,0,103
52,0,100
52,0,99
52,0,97
52,0,95
52,0,93
52,0,92
52,0,91
52,0,88
52,0,86
52,0,85
52,0,83
52,0,80
52,0,79
52,0,78
52,0,77
52,0,76
52,0,75
52,0,73
52,0,72
52,0,71
52,0,67
52,0,65
52,0,64
52,0,63
52,0,62
52,0,60
52,0,58
52,1,49
52,0,46
52,0,44
52,0,42
52,0,37
52,0,36
52,1,34
52,1,33
52,1,30
52,0,27
52,1,22
52,1,11
52,1,4
52,1,2
51,0,333
51,0,331
51,0,329
51,0,328
51,0,325
51,1,316
51,1,314
51,0,308
51,0,306
51,0,301
51,0,298
51,0,297
51,0,294
51,0,286
51,0,284
51,0,283
51,0,281
51,0,279
51,0,278
51,0,275
51,0,274
51,0,273
51,0,272
51,0,271
51,0,270
51,0,269
51,0,268
51,0,267
51,0,265
51,0,264
51,0,263
51,0,260
51,0,258
51,0,257
51,0,256
51,0,255
51,0,254
51,0,252
51,0,251
51,0,248
51,0,247
51,0,246
51,0,245
51,0,243
51,0,242
51,0,240
51,0,239
51,0,238
51,0,237
51,0,236
51,0,235
51,0,234
51,0,233
51,0,232
51,0,231
51,0,230
51,0,229
51,0,226
51,0,225
51,0,224
51,0,223
51,0,221
51,0,220
51,0,218
51,0,217
51,0,212
51,0,210
51,0,209
51,0,208
51,0,207
51,0,206
51,0,205
51,0,204
51,0,203
51,0,202
51,0,201
51,0,200
51,0,198
51,0,195
51,0,193
51,0,192
51,0,191
51,0,190
51,0,189
51,0,186
51,0,183
51,1,177
51,0,175
51,0,174
51,0,169
51,0,168
51,0,166
51,0,165
51,1,162
51,0,159
51,0,158
51,0,157
51,0,153
51,0,148
51,0,147
51,0,144
51,0,142
51,0,140
51,0,139
51,0,138
51,0,137
51,0,136
51,0,135
51,0,132
51,0,131
51,0,127
51,0,123
51,0,122
51,0,121
51,0,119
51,0,118
51,0,117
51,0,116
51,0,114
51,0,113
51,0,112
51,0,111
51,0,109
51,0,107
51,0,106
51,0,105
51,0,104
51,0,103
51,0,102
51,0,101
51,0,100
51,0,99
51,0,95
51,0,94
51,0,93
51,0,92
51,0,91
51,0,89
51,0,88
51,0,86
51,0,85
51,0,83
51,0,80
51,0,79
51,0,77
51,0,75
51,0,73
51,0,72
51,0,70
51,0,69
51,0,67
51,0,64
51,0,62
51,0,60
51,0,58
51,0,57
51,1,50
51,1,49
51,1,46
51,0,44
51,0,37
51,0,36
51,0,35
51,0,32
51,0,27
51,1,22
51,1,21
51,1,20
51,1,17
51,0,13
51,1,12
51,1,11
51,1,10
51,1,7
51,0,6
51,1,4
51,1,2
51,1,0
50,0,340
50,0,339
50,0,335
50,0,333
50,0,329
50,0,328
50,0,327
50,0,308
50,0,305
50,0,301
50,0,286
50,0,285
50,0,284
50,0,283
50,0,282
50,0,281
50,0,280
50,0,279
50,0,278
50,0,277
50,0,276
50,0,274
50,0,273
50,0,272
50,0,271
50,0,270
50,0,269
50,0,268
50,0,267
50,0,266
50,0,265
50,0,264
50,0,263
50,0,262
50,0,261
50,0,260
50,0,259
50,0,258
50,0,257
50,0,256
50,0,255
50,0,254
50,0,253
50,0,252
50,0,251
50,0,250
50,0,249
50,0,248
50,0,245
50,0,243
50,0,242
50,0,238
50,0,237
50,0,236
50,0,235
50,0,233
50,0,232
50,0,230
50,0,228
50,0,227
50,0,226
50,0,225
50,0,224
50,0,223
50,0,221
50,0,220
50,0,218
50,0,217
50,0,210
50,0,209
50,0,208
50,0,207
50,0,206
50,0,204
50,0,203
50,0,202
50,0,201
50,0,200
50,0,198
50,0,197
50,0,196
50,0,195
50,0,193
50,0,192
50,0,189
50,0,186
50,0,185
50,0,183
50,0,175
50,0,168
50,0,167
50,0,166
50,1,161
50,0,159
50,0,158
50,0,157
50,0,156
50,0,153
50,0,152
50,0,151
50,0,150
50,0,149
50,0,148
50,0,147
50,0,146
50,0,145
50,0,144
50,0,143
50,0,142
50,0,141
50,0,140
50,0,138
50,0,137
50,0,136
50,0,135
50,0,134
50,0,133
50,0,132
50,0,131
50,0,127
50,0,126
50,0,125
50,0,123
50,0,122
50,0,121
50,0,120
50,0,119
50,0,118
50,0,117
50,0,116
50,0,115
50,0,114
50,0,113
50,0,112
50,0,109
50,0,108
50,0,107
50,0,105
50,0,103
50,0,101
50,0,100
50,0,99
50,0,98
50,0,96
50,0,95
50,0,94
50,0,92
50,0,91
50,0,89
50,0,88
50,0,86
50,0,85
50,0,83
50,0,80
50,0,79
50,0,78
50,0,77
50,0,76
50,0,75
50,0,73
50,0,72
50,0,71
50,0,70
50,0,69
50,0,67
50,0,65
50,0,64
50,0,63
50,0,62
50,0,60
50,0,58
50,0,53
50,0,52
50,0,50
50,0,48
50,0,47
50,0,46
50,0,44
50,0,42
50,0,39
50,0,37
50,0,36
50,0,35
50,0,32
50,1,30
50,0,29
50,0,22
50,1,20
50,1,19
50,0,13
50,1,11
50,0,6
50,1,4
49,0,340
49,0,339
49,0,333
49,0,329
49,0,319
49,0,317
49,0,308
49,0,304
49,0,297
49,0,288
49,0,286
49,0,284
49,0,283
49,0,281
49,0,279
49,0,278
49,0,277
49,0,275
49,0,274
49,0,272
49,0,271
49,0,270
49,0,269
49,0,268
49,0,267
49,0,266
49,0,264
49,0,262
49,0,261
49,0,260
49,0,259
49,0,258
49,0,257
49,0,255
49,0,254
49,0,252
49,0,248
49,0,243
49,0,242
49,0,241
49,0,238
49,0,237
49,0,236
49,0,234
49,0,233
49,0,232
49,0,231
49,0,230
49,0,229
49,0,228
49,0,226
49,0,225
49,0,224
49,0,223
49,0,221
49,0,220
49,0,218
49,0,209
49,0,208
49,0,207
49,0,206
49,0,204
49,0,202
49,0,201
49,0,200
49,0,198
49,0,196
49,0,195
49,0,193
49,0,192
49,0,190
49,0,189
49,0,188
49,0,186
49,0,184
49,0,183
49,0,181
49,0,179
49,1,177
49,0,175
49,1,173
49,1,162
49,1,161
49,0,159
49,0,158
49,0,157
49,1,154
49,0,150
49,0,147
49,0,146
49,0,144
49,0,143
49,0,142
49,0,140
49,0,137
49,0,136
49,0,135
49,0,134
49,0,132
49,0,131
49,0,128
49,0,127
49,0,123
49,0,122
49,0,121
49,0,119
49,0,118
49,0,117
49,0,116
49,0,114
49,0,113
49,0,112
49,0,109
49,0,105
49,0,103
49,0,100
49,0,99
49,0,95
49,0,94
49,0,93
49,0,92
49,0,91
49,0,89
49,0,88
49,0,85
49,0,83
49,0,80
49,0,79
49,0,78
49,0,73
49,0,72
49,0,71
49,0,70
49,0,69
49,0,67
49,0,65
49,0,64
49,0,62
49,0,60
49,0,58
49,1,50
49,1,49
49,0,46
49,0,44
49,0,42
49,1,40
49,0,37
49,0,36
49,1,28
49,0,27
49,1,26
49,1,22
49,1,21
49,1,19
49,1,17
49,0,13
49,1,11
49,1,4
49,1,2
49,1,0
48,0,339
48,0,331
48,0,329
48,0,324
48,0,321
48,0,320
48,1,314
48,0,310
48,0,309
48,0,304
48,0,297
48,0,294
48,0,286
48,0,284
48,0,283
48,0,282
48,0,281
48,0,280
48,0,279
48,0,278
48,0,277
48,0,276
48,0,274
48,0,273
48,0,272
48,0,271
48,0,270
48,0,269
48,0,267
48,0,266
48,0,265
48,0,264
48,0,263
48,0,262
48,0,261
48,0,260
48,0,259
48,0,258
48,0,257
48,0,256
48,0,255
48,0,254
48,0,249
48,0,248
48,0,247
48,0,245
48,0,243
48,0,242
48,0,241
48,0,240
48,0,239
48,0,238
48,0,237
48,0,235
48,0,233
48,0,231
48,0,230
48,0,229
48,0,228
48,0,223
48,0,221
48,0,220
48,0,218
48,0,209
48,0,206
48,0,204
48,0,203
48,0,202
48,0,200
48,0,198
48,0,197
48,0,193
48,0,192
48,0,190
48,0,189
48,0,188
48,0,187
48,0,186
48,0,184
48,0,183
48,0,181
48,0,179
48,1,177
48,1,174
48,1,173
48,0,160
48,0,159
48,0,158
48,0,157
48,0,156
48,0,155
48,0,152
48,0,151
48,0,149
48,0,148
48,0,147
48,0,146
48,0,144
48,0,142
48,0,141
48,0,140
48,0,139
48,0,138
48,0,136
48,0,135
48,0,134
48,0,132
48,0,131
48,0,130
48,0,129
48,0,128
48,0,127
48,0,126
48,0,125
48,0,123
48,0,122
48,0,121
48,0,120
48,0,119
48,0,118
48,0,117
48,0,116
48,0,114
48,0,113
48,0,112
48,0,109
48,0,106
48,0,105
48,0,104
48,0,103
48,0,101
48,0,100
48,0,99
48,0,95
48,0,94
48,0,93
48,0,92
48,0,91
48,0,89
48,0,88
48,0,85
48,0,80
48,0,79
48,0,75
48,0,74
48,0,72
48,0,71
48,0,69
48,0,67
48,0,65
48,0,64
48,0,63
48,0,62
48,0,60
48,0,58
48,0,57
48,0,56
48,0,55
48,0,54
48,1,50
48,1,49
48,0,47
48,0,44
48,0,37
48,0,36
48,0,35
48,0,32
48,1,22
48,1,20
48,1,19
48,1,17
48,1,12
48,1,11
48,1,7
48,0,6
48,1,4
48,0,3
48,1,2
47,0,340
47,0,339
47,0,337
47,0,329
47,0,328
47,0,308
47,0,307
47,0,301
47,1,291
47,0,286
47,0,285
47,0,284
47,0,283
47,0,281
47,0,278
47,0,276
47,0,274
47,0,273
47,0,272
47,0,271
47,0,270
47,0,269
47,0,268
47,0,267
47,0,266
47,0,265
47,0,264
47,0,262
47,0,261
47,0,260
47,0,259
47,0,258
47,0,257
47,0,255
47,0,254
47,0,252
47,0,248
47,0,245
47,0,243
47,0,242
47,0,241
47,0,238
47,0,237
47,0,236
47,0,235
47,0,233
47,0,232
47,0,231
47,0,230
47,0,229
47,0,228
47,0,224
47,0,223
47,0,221
47,0,220
47,0,218
47,0,217
47,0,213
47,0,210
47,0,209
47,0,208
47,0,207
47,0,206
47,0,204
47,0,203
47,0,202
47,0,201
47,0,200
47,0,198
47,0,197
47,0,196
47,0,195
47,0,193
47,0,192
47,0,189
47,0,186
47,0,185
47,0,175
47,0,174
47,0,166
47,1,162
47,1,161
47,0,158
47,0,157
47,0,153
47,0,151
47,0,147
47,0,146
47,0,144
47,0,143
47,0,142
47,0,140
47,0,138
47,0,136
47,0,135
47,0,134
47,0,132
47,0,131
47,0,129
47,0,127
47,0,126
47,0,123
47,0,122
47,0,121
47,0,118
47,0,117
47,0,116
47,0,114
47,0,112
47,0,109
47,0,108
47,0,105
47,0,103
47,0,100
47,0,99
47,0,97
47,0,95
47,0,94
47,0,92
47,0,91
47,0,88
47,0,86
47,0,85
47,0,80
47,0,79
47,0,78
47,0,77
47,0,76
47,0,75
47,0,74
47,0,73
47,0,72
47,0,71
47,0,70
47,0,69
47,0,67
47,0,65
47,0,64
47,0,63
47,0,62
47,0,60
47,0,58
47,0,52
47,0,51
47,1,49
47,0,46
47,0,44
47,1,40
47,0,37
47,0,36
47,1,34
47,1,33
47,0,32
47,1,28
47,1,24
47,1,22
47,1,20
47,0,13
47,1,11
47,1,7
47,1,6
47,1,5
47,1,4
47,1,0
46,0,333
46,0,329
46,1,314
46,0,301
46,0,298
46,0,297
46,0,286
46,0,283
46,0,281
46,0,279
46,0,278
46,0,276
46,0,274
46,0,272
46,0,271
46,0,270
46,0,269
46,0,268
46,0,267
46,0,264
46,0,262
46,0,261
46,0,259
46,0,258
46,0,254
46,0,252
46,0,248
46,0,237
46,0,236
46,0,232
46,0,230
46,0,229
46,0,228
46,0,225
46,0,224
46,0,223
46,0,221
46,0,220
46,0,218
46,1,215
46,0,210
46,0,209
46,0,207
46,0,206
46,0,203
46,0,202
46,0,201
46,0,200
46,0,198
46,0,197
46,0,195
46,0,193
46,0,192
46,0,186
46,0,185
46,0,183
46,0,167
46,0,166
46,1,162
46,1,161
46,0,158
46,0,157
46,0,147
46,0,146
46,0,144
46,0,141
46,0,138
46,0,136
46,0,134
46,0,132
46,0,131
46,0,127
46,0,125
46,0,123
46,0,122
46,0,121
46,0,119
46,0,117
46,0,116
46,0,114
46,0,112
46,0,105
46,0,103
46,0,99
46,0,95
46,0,94
46,0,93
46,0,92
46,0,91
46,0,89
46,0,88
46,1,84
46,0,80
46,0,79
46,0,78
46,0,75
46,0,74
46,0,73
46,0,72
46,0,71
46,0,70
46,0,67
46,0,65
46,0,64
46,0,63
46,0,62
46,0,60
46,0,58
46,1,50
46,1,49
46,0,46
46,0,44
46,1,40
46,1,34
46,1,33
46,0,32
46,1,31
46,1,29
46,1,28
46,0,27
46,1,26
46,1,22
46,1,21
46,1,19
46,0,13
46,1,11
46,1,10
46,1,9
46,1,7
46,1,6
46,1,5
46,1,4
46,1,2
46,1,0
45,1,314
45,0,306
45,0,305
45,0,301
45,0,286
45,0,284
45,0,283
45,0,281
45,0,280
45,0,279
45,0,278
45,0,272
45,0,271
45,0,270
45,0,269
45,0,268
45,0,267
45,0,265
45,0,264
45,0,262
45,0,261
45,0,260
45,0,259
45,0,258
45,0,257
45,0,256
45,0,255
45,0,254
45,0,252
45,0,248
45,0,243
45,0,242
45,0,236
45,0,230
45,0,229
45,0,228
45,0,224
45,0,223
45,0,221
45,0,218
45,0,210
45,0,209
45,0,207
45,0,206
45,0,203
45,0,202
45,0,201
45,0,200
45,0,198
45,0,196
45,0,193
45,0,192
45,0,186
45,0,183
45,1,162
45,1,161
45,0,159
45,0,158
45,0,157
45,0,147
45,0,146
45,0,144
45,0,143
45,0,140
45,0,138
45,0,136
45,0,134
45,0,132
45,0,131
45,0,127
45,0,125
45,0,123
45,0,122
45,0,121
45,0,116
45,0,114
45,0,112
45,0,105
45,0,101
45,0,100
45,0,99
45,0,92
45,0,91
45,0,89
45,0,88
45,0,86
45,0,83
45,0,80
45,0,73
45,0,70
45,0,69
45,0,67
45,0,66
45,0,65
45,0,64
45,0,63
45,0,60
45,0,58
45,1,49
45,0,44
45,1,41
45,1,40
45,1,33
45,1,28
45,1,26
45,1,24
45,1,22
45,1,21
45,1,20
45,1,19
45,1,17
45,1,11
45,1,10
45,1,9
45,1,7
45,1,5
45,1,4
45,1,2
45,1,0
44,0,343
44,0,342
44,0,340
44,0,339
44,0,337
44,0,335
44,0,334
44,0,333
44,0,329
44,0,313
44,0,312
44,0,311
44,0,308
44,0,307
44,0,306
44,0,304
44,0,303
44,0,301
44,0,277
44,0,276
44,0,275
44,0,274
44,0,273
44,0,272
44,0,271
44,0,270
44,0,269
44,0,268
44,0,267
44,0,266
44,0,265
44,0,264
44,0,263
44,0,262
44,0,261
44,0,260
44,0,259
44,0,258
44,0,257
44,0,255
44,0,254
44,0,253
44,0,252
44,0,250
44,0,249
44,0,248
44,0,245
44,0,243
44,0,242
44,0,241
44,0,238
44,0,237
44,0,236
44,0,235
44,0,233
44,0,232
44,0,231
44,0,230
44,0,229
44,0,228
44,0,227
44,0,226
44,0,225
44,0,224
44,0,223
44,0,221
44,0,220
44,0,218
44,0,217
44,0,214
44,0,213
44,0,210
44,0,209
44,0,208
44,0,207
44,0,206
44,0,203
44,0,202
44,0,201
44,0,200
44,0,198
44,0,197
44,0,195
44,0,193
44,1,177
44,0,175
44,0,167
44,0,166
44,0,165
44,0,164
44,1,162
44,0,157
44,0,156
44,0,155
44,0,153
44,0,152
44,0,151
44,0,150
44,0,149
44,0,147
44,0,146
44,0,145
44,0,144
44,0,143
44,0,142
44,0,141
44,0,138
44,0,136
44,0,135
44,0,134
44,0,132
44,0,131
44,0,130
44,0,129
44,0,128
44,0,127
44,0,126
44,0,125
44,0,124
44,0,123
44,0,122
44,0,121
44,0,120
44,0,119
44,0,118
44,0,117
44,0,116
44,0,114
44,0,113
44,0,112
44,0,110
44,0,109
44,0,108
44,0,105
44,0,103
44,0,101
44,0,100
44,0,98
44,0,97
44,0,96
44,0,95
44,0,94
44,0,93
44,0,92
44,0,91
44,0,90
44,0,88
44,0,86
44,0,85
44,0,83
44,0,82
44,0,80
44,0,79
44,0,78
44,0,75
44,0,74
44,0,73
44,0,72
44,0,71
44,0,70
44,0,69
44,0,67
44,0,65
44,0,64
44,0,62
44,0,60
44,0,58
44,0,51
44,0,47
44,0,46
44,0,42
44,0,37
44,0,35
44,0,32
44,0,27
44,1,19
44,0,13
44,0,6
44,1,4
44,0,3
43,0,333
43,0,330
43,0,329
43,0,327
43,0,308
43,0,304
43,0,302
43,0,301
43,0,299
43,0,298
43,0,297
43,1,296
43,0,286
43,0,283
43,0,281
43,0,278
43,0,276
43,0,275
43,0,274
43,0,272
43,0,271
43,0,270
43,0,269
43,0,268
43,0,267
43,0,266
43,0,265
43,0,264
43,0,263
43,0,262
43,0,261
43,0,260
43,0,259
43,0,258
43,0,257
43,0,255
43,0,254
43,0,253
43,0,252
43,0,250
43,0,248
43,0,243
43,0,239
43,0,238
43,0,237
43,0,236
43,0,234
43,0,233
43,0,232
43,0,230
43,0,229
43,0,228
43,0,226
43,0,225
43,0,224
43,0,223
43,0,221
43,0,220
43,0,218
43,0,211
43,0,209
43,0,207
43,0,206
43,0,204
43,0,203
43,0,202
43,0,201
43,0,200
43,0,199
43,0,198
43,0,197
43,0,196
43,0,195
43,0,193
43,0,192
43,0,190
43,0,189
43,0,186
43,0,185
43,0,184
43,0,183
43,1,177
43,0,175
43,0,174
43,0,168
43,0,165
43,1,162
43,0,159
43,0,158
43,0,157
43,0,156
43,0,149
43,0,147
43,0,144
43,0,142
43,0,141
43,0,138
43,0,137
43,0,136
43,0,135
43,0,134
43,0,132
43,0,131
43,0,127
43,0,126
43,0,123
43,0,121
43,0,120
43,0,118
43,0,116
43,0,114
43,0,105
43,0,100
43,0,99
43,0,98
43,0,97
43,0,96
43,0,95
43,0,94
43,0,93
43,0,92
43,0,91
43,0,88
43,0,85
43,0,80
43,0,79
43,0,78
43,0,76
43,0,74
43,0,73
43,0,72
43,0,71
43,0,70
43,0,69
43,0,67
43,0,65
43,0,64
43,0,63
43,0,62
43,0,60
43,0,58
43,0,52
43,1,50
43,1,49
43,0,46
43,0,44
43,1,40
43,1,34
43,1,33
43,0,32
43,1,31
43,1,30
43,1,22
43,1,21
43,1,20
43,1,19
43,0,13
43,1,11
43,1,7
43,1,4
43,1,2
42,0,333
42,0,330
42,0,329
42,0,324
42,0,323
42,0,318
42,0,317
42,1,314
42,0,305
42,0,301
42,0,298
42,0,297
42,0,288
42,0,286
42,0,284
42,0,283
42,0,281
42,0,278
42,0,277
42,0,276
42,0,274
42,0,272
42,0,270
42,0,269
42,0,268
42,0,267
42,0,266
42,0,264
42,0,262
42,0,261
42,0,260
42,0,257
42,0,255
42,0,254
42,0,252
42,0,248
42,0,245
42,0,243
42,0,242
42,0,236
42,0,235
42,0,233
42,0,232
42,0,231
42,0,230
42,0,229
42,0,226
42,0,225
42,0,224
42,0,223
42,0,221
42,0,218
42,0,214
42,0,210
42,0,209
42,0,208
42,0,207
42,0,206
42,0,203
42,0,202
42,0,201
42,0,200
42,0,198
42,0,193
42,0,192
42,0,190
42,0,188
42,0,186
42,0,185
42,0,183
42,0,179
42,0,167
42,1,162
42,1,161
42,0,157
42,0,147
42,0,146
42,0,144
42,0,143
42,0,140
42,0,138
42,0,134
42,0,132
42,0,131
42,0,127
42,0,125
42,0,123
42,0,122
42,0,121
42,0,119
42,0,118
42,0,114
42,0,105
42,0,103
42,0,101
42,0,100
42,0,99
42,0,98
42,0,96
42,0,95
42,0,93
42,0,91
42,0,89
42,0,88
42,0,85
42,0,83
42,0,81
42,0,80
42,0,79
42,0,75
42,0,73
42,0,72
42,0,70
42,0,67
42,0,65
42,0,64
42,0,63
42,0,62
42,0,60
42,0,58
42,0,57
42,0,54
42,1,50
42,1,49
42,1,40
42,0,37
42,1,34
42,1,33
42,0,32
42,1,30
42,1,24
42,1,22
42,1,21
42,1,20
42,1,17
42,0,13
42,1,11
42,1,10
42,1,7
42,1,4
42,1,0
41,0,337
41,0,333
41,0,329
41,1,303
41,0,301
41,0,297
41,0,286
41,0,285
41,0,284
41,0,283
41,0,281
41,0,279
41,0,278
41,0,277
41,0,276
41,0,272
41,0,271
41,0,270
41,0,269
41,0,268
41,0,267
41,0,266
41,0,265
41,0,264
41,0,262
41,0,261
41,0,260
41,0,259
41,0,258
41,0,255
41,0,254
41,0,252
41,0,251
41,0,250
41,0,248
41,0,243
41,0,242
41,0,238
41,0,237
41,0,233
41,0,232
41,0,230
41,0,229
41,0,228
41,0,225
41,0,224
41,0,223
41,0,221
41,0,220
41,0,218
41,1,215
41,0,210
41,0,206
41,0,202
41,0,201
41,0,200
41,0,198
41,0,193
41,0,192
41,0,189
41,0,186
41,0,183
41,1,177
41,0,165
41,1,162
41,1,161
41,0,159
41,0,158
41,0,157
41,0,156
41,0,153
41,0,147
41,0,146
41,0,144
41,0,143
41,0,142
41,0,141
41,0,140
41,0,138
41,0,137
41,0,136
41,0,135
41,0,134
41,0,132
41,0,131
41,0,130
41,0,129
41,0,127
41,0,126
41,0,125
41,0,123
41,0,122
41,0,121
41,0,119
41,0,118
41,0,116
41,0,114
41,0,113
41,0,112
41,0,110
41,0,107
41,0,103
41,0,101
41,0,99
41,0,95
41,0,94
41,0,93
41,0,92
41,0,91
41,0,89
41,0,88
41,1,84
41,0,80
41,0,79
41,0,78
41,0,77
41,0,76
41,0,73
41,0,72
41,0,70
41,0,69
41,0,67
41,0,65
41,0,64
41,0,60
41,0,58
41,1,50
41,1,49
41,0,46
41,0,37
41,1,33
41,0,32
41,1,22
41,1,21
41,1,19
41,1,11
41,1,10
41,1,7
41,1,5
41,1,4
41,0,3
41,1,2
40,0,340
40,0,339
40,0,329
40,0,328
40,0,327
40,0,301
40,0,297
40,0,286
40,0,285
40,0,284
40,0,283
40,0,281
40,0,279
40,0,278
40,0,276
40,0,275
40,0,274
40,0,272
40,0,271
40,0,270
40,0,269
40,0,268
40,0,267
40,0,266
40,0,265
40,0,264
40,0,263
40,0,262
40,0,261
40,0,260
40,0,259
40,0,258
40,0,257
40,0,255
40,0,254
40,0,253
40,0,252
40,0,251
40,0,250
40,0,248
40,0,243
40,0,242
40,0,237
40,0,233
40,0,232
40,0,231
40,0,230
40,0,229
40,0,228
40,0,226
40,0,225
40,0,224
40,0,221
40,0,220
40,0,218
40,0,214
40,0,210
40,0,209
40,0,208
40,0,207
40,0,206
40,0,204
40,0,203
40,0,202
40,0,201
40,0,200
40,0,198
40,0,197
40,0,196
40,0,193
40,0,192
40,0,186
40,0,183
40,0,168
40,0,167
40,0,166
40,1,162
40,0,159
40,0,158
40,0,157
40,0,156
40,0,153
40,0,151
40,0,150
40,0,149
40,0,147
40,0,146
40,0,144
40,0,142
40,0,141
40,0,140
40,0,138
40,0,137
40,0,136
40,0,135
40,0,134
40,0,132
40,0,131
40,0,130
40,0,129
40,0,128
40,0,127
40,0,126
40,0,125
40,0,123
40,0,122
40,0,121
40,0,120
40,0,119
40,0,118
40,0,117
40,0,116
40,0,114
40,0,113
40,0,112
40,0,110
40,0,109
40,0,108
40,0,107
40,0,105
40,0,103
40,0,101
40,0,100
40,0,99
40,0,95
40,0,94
40,0,93
40,0,92
40,0,91
40,0,89
40,0,88
40,0,85
40,0,80
40,0,79
40,0,78
40,0,75
40,0,74
40,0,73
40,0,72
40,0,71
40,0,70
40,0,69
40,0,67
40,0,65
40,0,64
40,0,63
40,0,62
40,0,60
40,0,58
40,0,53
40,1,49
40,0,46
40,0,44
40,1,40
40,0,39
40,0,37
40,1,33
40,1,28
40,1,25
40,1,24
40,1,22
40,1,21
40,1,20
40,0,13
40,1,11
40,1,10
40,1,5
40,1,4
40,0,3
40,1,2
39,0,340
39,0,339
39,0,337
39,0,333
39,0,331
39,0,329
39,0,327
39,0,315
39,0,310
39,0,308
39,0,301
39,0,298
39,0,297
39,0,294
39,0,286
39,0,285
39,0,284
39,0,283
39,0,281
39,0,280
39,0,279
39,0,278
39,0,276
39,0,273
39,0,272
39,0,271
39,0,270
39,0,269
39,0,268
39,0,267
39,0,266
39,0,265
39,0,264
39,0,263
39,0,262
39,0,261
39,0,260
39,0,259
39,0,258
39,0,257
39,0,256
39,0,255
39,0,254
39,0,253
39,0,252
39,0,251
39,0,250
39,0,249
39,0,248
39,0,247
39,0,246
39,0,243
39,0,242
39,0,240
39,0,239
39,0,238
39,0,237
39,0,236
39,0,235
39,0,234
39,0,233
39,0,232
39,0,231
39,0,230
39,0,229
39,0,228
39,0,227
39,0,226
39,0,225
39,0,224
39,0,223
39,0,221
39,0,220
39,0,218
39,0,217
39,0,213
39,0,210
39,0,209
39,0,208
39,0,207
39,0,206
39,0,204
39,0,203
39,0,202
39,0,201
39,0,200
39,0,198
39,0,196
39,0,195
39,0,193
39,0,192
39,0,191
39,0,190
39,0,189
39,0,186
39,0,184
39,0,183
39,0,175
39,0,174
39,0,169
39,0,168
39,0,167
39,0,166
39,1,162
39,0,160
39,0,158
39,0,157
39,0,151
39,0,148
39,0,147
39,0,146
39,0,145
39,0,144
39,0,143
39,0,142
39,0,141
39,0,140
39,0,138
39,0,137
39,0,136
39,0,135
39,0,134
39,0,132
39,0,131
39,0,129
39,0,127
39,0,125
39,0,124
39,0,123
39,0,122
39,0,121
39,0,119
39,0,118
39,0,117
39,0,116
39,0,114
39,0,113
39,0,112
39,0,111
39,0,109
39,0,107
39,0,106
39,0,105
39,0,104
39,0,103
39,0,100
39,0,99
39,0,97
39,0,95
39,0,94
39,0,93
39,0,92
39,0,91
39,0,89
39,0,88
39,0,85
39,0,83
39,0,80
39,0,79
39,0,75
39,0,73
39,0,72
39,0,71
39,0,70
39,0,69
39,0,67
39,0,65
39,0,64
39,0,63
39,0,62
39,0,60
39,0,58
39,0,50
39,1,49
39,0,48
39,0,46
39,0,44
39,0,42
39,0,37
39,0,35
39,1,33
39,1,28
39,0,22
39,0,13
39,1,11
39,0,6
39,1,4
38,0,333
38,0,329
38,0,324
38,0,323
38,0,321
38,0,320
38,0,318
38,0,317
38,1,311
38,0,301
38,0,298
38,0,297
38,0,288
38,0,286
38,0,284
38,0,283
38,0,281
38,0,275
38,0,272
38,0,271
38,0,270
38,0,269
38,0,268
38,0,267
38,0,266
38,0,265
38,0,264
38,0,263
38,0,262
38,0,261
38,0,260
38,0,259
38,0,258
38,0,257
38,0,255
38,0,254
38,0,252
38,0,248
38,0,243
38,0,239
38,0,238
38,0,237
38,0,236
38,0,231
38,0,230
38,0,229
38,0,228
38,0,226
38,0,225
38,0,224
38,0,223
38,0,221
38,0,219
38,0,218
38,0,217
38,0,216
38,0,214
38,0,213
38,0,212
38,0,210
38,0,209
38,0,207
38,0,206
38,0,203
38,0,202
38,0,201
38,0,200
38,0,198
38,0,197
38,0,195
38,0,194
38,0,193
38,0,192
38,0,191
38,0,190
38,0,189
38,0,188
38,0,186
38,0,185
38,0,184
38,0,183
38,0,182
38,0,181
38,0,179
38,0,175
38,0,172
38,0,171
38,0,168
38,1,162
38,0,157
38,0,147
38,0,146
38,0,144
38,0,143
38,0,142
38,0,141
38,0,138
38,0,137
38,0,136
38,0,135
38,0,134
38,0,132
38,0,131
38,0,129
38,0,127
38,0,126
38,0,125
38,0,123
38,0,122
38,0,121
38,0,118
38,0,117
38,0,116
38,0,114
38,0,107
38,0,103
38,0,101
38,0,100
38,0,95
38,0,94
38,0,93
38,0,92
38,0,91
38,0,88
38,0,86
38,0,85
38,0,84
38,0,83
38,0,82
38,0,81
38,0,80
38,0,79
38,0,78
38,0,75
38,0,74
38,0,73
38,0,72
38,0,71
38,0,70
38,0,69
38,0,67
38,0,65
38,0,64
38,0,63
38,0,62
38,0,60
38,0,58
38,0,57
38,0,55
38,0,54
38,1,50
38,1,49
38,0,46
38,1,41
38,1,40
38,0,37
38,1,34
38,1,33
38,0,32
38,1,31
38,1,28
38,1,24
38,1,22
38,1,21
38,1,20
38,1,19
38,1,17
38,1,11
38,1,9
38,1,7
38,1,5
38,1,4
38,1,2
38,0,1
38,1,0
37,0,337
37,0,329
37,0,308
37,0,301
37,0,298
37,0,297
37,1,291
37,0,286
37,0,283
37,0,281
37,0,279
37,0,278
37,0,277
37,0,276
37,0,275
37,0,274
37,0,272
37,0,271
37,0,270
37,0,269
37,0,268
37,0,267
37,0,266
37,0,264
37,0,263
37,0,262
37,0,261
37,0,260
37,0,259
37,0,258
37,0,257
37,0,255
37,0,254
37,0,252
37,0,250
37,0,248
37,0,243
37,0,232
37,0,230
37,0,229
37,0,226
37,0,225
37,0,224
37,0,223
37,0,221
37,0,220
37,0,218
37,0,210
37,0,209
37,0,207
37,0,206
37,0,203
37,0,202
37,0,200
37,0,193
37,0,192
37,0,186
37,0,183
37,1,177
37,1,162
37,1,161
37,0,158
37,0,157
37,0,156
37,0,153
37,0,151
37,0,149
37,0,148
37,0,147
37,0,146
37,0,144
37,0,143
37,0,142
37,0,140
37,0,138
37,0,136
37,0,134
37,0,133
37,0,132
37,0,131
37,0,129
37,0,127
37,0,126
37,0,123
37,0,122
37,0,121
37,0,118
37,0,117
37,0,116
37,0,114
37,0,113
37,0,112
37,0,108
37,0,107
37,0,105
37,0,103
37,0,100
37,0,99
37,0,98
37,0,97
37,0,95
37,0,94
37,0,93
37,0,92
37,0,91
37,0,88
37,0,85
37,0,83
37,0,80
37,0,79
37,0,78
37,0,73
37,0,72
37,0,70
37,0,67
37,0,65
37,0,64
37,0,62
37,0,60
37,0,58
37,0,52
37,0,51
37,1,49
37,0,46
37,0,44
37,1,41
37,1,40
37,1,33
37,0,32
37,1,30
37,1,28
37,0,27
37,1,23
37,1,22
37,1,21
37,1,20
37,1,19
37,1,17
37,0,13
37,1,12
37,1,11
37,1,10
37,1,5
37,1,4
36,0,340
36,0,337
36,0,333
36,0,329
36,0,328
36,0,326
36,0,325
36,0,310
36,0,308
36,0,307
36,0,304
36,0,298
36,0,297
36,0,286
36,0,284
36,0,283
36,0,279
36,0,278
36,0,272
36,0,271
36,0,270
36,0,269
36,0,268
36,0,267
36,0,266
36,0,265
36,0,264
36,0,263
36,0,262
36,0,261
36,0,260
36,0,259
36,0,258
36,0,257
36,0,255
36,0,254
36,0,252
36,0,250
36,0,248
36,0,247
36,0,246
36,0,244
36,0,243
36,0,242
36,0,240
36,0,239
36,0,238
36,0,237
36,0,236
36,0,235
36,0,233
36,0,232
36,0,231
36,0,230
36,0,229
36,0,228
36,0,227
36,0,226
36,0,225
36,0,224
36,0,223
36,0,221
36,0,220
36,0,218
36,0,213
36,0,210
36,0,209
36,0,208
36,0,207
36,0,206
36,0,204
36,0,203
36,0,202
36,0,201
36,0,200
36,0,198
36,0,197
36,0,195
36,0,193
36,0,192
36,0,191
36,0,190
36,0,189
36,0,188
36,0,186
36,0,184
36,0,183
36,0,175
36,0,167
36,0,166
36,1,162
36,0,159
36,0,158
36,0,157
36,0,148
36,0,147
36,0,146
36,0,144
36,0,142
36,0,140
36,0,139
36,0,138
36,0,137
36,0,136
36,0,135
36,0,134
36,0,132
36,0,131
36,0,127
36,0,123
36,0,121
36,0,119
36,0,118
36,0,117
36,0,116
36,0,114
36,0,113
36,0,109
36,0,108
36,0,106
36,0,105
36,0,104
36,0,103
36,0,100
36,0,99
36,0,98
36,0,97
36,0,96
36,0,95
36,0,94
36,0,93
36,0,92
36,0,91
36,0,89
36,0,88
36,0,86
36,0,85
36,0,80
36,0,79
36,0,78
36,0,77
36,0,76
36,0,73
36,0,72
36,0,71
36,0,69
36,0,67
36,0,65
36,0,64
36,0,63
36,0,62
36,0,60
36,0,59
36,0,58
36,0,57
36,0,56
36,0,51
36,1,49
36,0,46
36,0,44
36,1,40
36,1,33
36,0,32
36,0,27
36,1,22
36,0,14
36,0,13
36,1,11
36,1,9
36,1,4
35,0,333
35,0,330
35,0,329
35,0,327
35,0,312
35,0,308
35,0,307
35,0,304
35,0,301
35,0,298
35,0,297
35,0,291
35,0,286
35,0,284
35,0,283
35,0,282
35,0,281
35,0,279
35,0,278
35,0,277
35,0,276
35,0,274
35,0,272
35,0,271
35,0,270
35,0,269
35,0,249
35,0,248
35,0,243
35,0,242
35,0,241
35,0,238
35,0,236
35,0,233
35,0,231
35,0,229
35,0,228
35,0,227
35,0,226
35,0,225
35,0,224
35,0,223
35,0,221
35,0,220
35,0,218
35,0,213
35,0,210
35,0,209
35,0,207
35,0,206
35,0,204
35,0,203
35,0,202
35,0,201
35,0,200
35,0,198
35,0,197
35,0,193
35,0,192
35,0,190
35,0,189
35,0,186
35,0,184
35,0,183
35,0,175
35,0,167
35,0,166
35,1,162
35,1,161
35,0,159
35,0,158
35,0,157
35,0,156
35,0,153
35,0,152
35,0,151
35,0,149
35,0,148
35,0,134
35,0,131
35,0,129
35,0,128
35,0,126
35,0,125
35,0,124
35,0,123
35,0,122
35,0,119
35,0,118
35,0,117
35,0,115
35,0,113
35,0,109
35,0,108
35,0,105
35,0,103
35,0,101
35,0,100
35,0,99
35,0,98
35,0,97
35,0,95
35,0,94
35,0,93
35,0,92
35,0,91
35,0,89
35,0,88
35,0,85
35,0,83
35,0,81
35,0,80
35,0,79
35,0,78
35,0,75
35,0,73
35,0,72
35,0,71
35,0,70
35,0,67
35,0,65
35,0,64
35,0,63
35,0,62
35,0,60
35,0,58
35,0,57
35,0,52
35,0,51
35,0,44
35,0,42
35,0,37
35,0,35
35,1,33
35,0,32
35,1,28
35,0,27
35,1,19
35,1,17
35,0,16
35,0,6
35,1,4
34,0,337
34,0,333
34,1,314
34,0,305
34,0,298
34,0,297
34,0,286
34,0,268
34,0,267
34,0,266
34,0,264
34,0,262
34,0,261
34,0,260
34,0,258
34,0,256
34,0,255
34,0,254
34,0,252
34,0,248
34,0,238
34,0,233
34,0,232
34,0,231
34,0,230
34,0,229
34,0,226
34,0,225
34,0,224
34,0,223
34,0,221
34,0,218
34,0,210
34,0,209
34,0,202
34,0,200
34,0,198
34,0,193
34,0,192
34,0,186
34,0,183
34,0,181
34,0,179
34,1,177
34,1,173
34,0,172
34,0,167
34,1,161
34,0,147
34,0,144
34,0,143
34,0,141
34,0,140
34,0,136
34,0,134
34,0,132
34,0,131
34,0,129
34,0,127
34,0,126
34,0,125
34,0,122
34,0,118
34,0,114
34,0,105
34,0,100
34,0,97
34,0,95
34,0,93
34,0,92
34,0,91
34,0,88
34,0,85
34,0,83
34,0,80
34,0,78
34,0,70
34,0,67
34,0,65
34,0,64
34,0,60
34,0,58
34,0,55
34,1,49
34,0,46
34,1,34
34,1,33
34,1,28
34,1,23
34,1,19
34,1,11
34,1,10
34,1,9
33,0,329
33,0,327
33,0,324
33,0,323
33,1,314
33,0,304
33,0,301
33,1,289
33,0,286
33,0,284
33,0,283
33,0,281
33,0,278
33,0,277
33,0,275
33,0,274
33,0,272
33,0,271
33,0,270
33,0,269
33,0,268
33,0,267
33,0,266
33,0,265
33,0,264
33,0,262
33,0,261
33,0,260
33,0,258
33,0,254
33,0,252
33,0,248
33,0,243
33,0,242
33,0,233
33,0,232
33,0,230
33,0,229
33,0,228
33,0,226
33,0,225
33,0,224
33,0,223
33,0,221
33,0,218
33,0,210
33,0,209
33,0,208
33,0,207
33,0,206
33,0,204
33,0,203
33,0,202
33,0,201
33,0,200
33,0,198
33,0,193
33,0,192
33,0,189
33,0,186
33,0,183
33,0,179
33,1,173
33,0,167
33,0,166
33,1,162
33,1,161
33,0,158
33,0,157
33,0,156
33,0,147
33,0,146
33,0,144
33,0,143
33,0,142
33,0,140
33,0,136
33,0,135
33,0,134
33,0,132
33,0,131
33,0,129
33,0,127
33,0,125
33,0,123
33,0,122
33,0,121
33,0,119
33,0,118
33,0,116
33,0,114
33,0,112
33,0,109
33,0,105
33,0,103
33,0,101
33,0,100
33,0,99
33,0,98
33,0,95
33,0,94
33,0,93
33,0,91
33,0,89
33,0,88
33,0,85
33,0,83
33,0,80
33,0,79
33,0,78
33,0,74
33,0,73
33,0,72
33,0,70
33,0,67
33,0,65
33,0,64
33,0,62
33,0,60
33,0,58
33,0,55
33,0,54
33,1,49
33,0,46
33,0,44
33,1,40
33,1,33
33,1,28
33,1,26
33,1,24
33,1,22
33,1,21
33,1,12
33,1,11
33,1,10
33,1,5
33,1,4
33,1,2
32,0,342
32,0,340
32,0,337
32,0,329
32,0,316
32,0,304
32,1,303
32,0,301
32,0,298
32,0,286
32,0,285
32,0,284
32,0,283
32,0,281
32,0,279
32,0,278
32,0,276
32,0,274
32,0,272
32,0,271
32,0,270
32,0,269
32,0,268
32,0,267
32,0,266
32,0,265
32,0,264
32,0,263
32,0,262
32,0,261
32,0,260
32,0,259
32,0,258
32,0,257
32,0,255
32,0,254
32,0,253
32,0,252
32,0,251
32,0,250
32,0,249
32,0,248
32,0,245
32,0,243
32,0,242
32,0,241
32,0,238
32,0,237
32,0,233
32,0,232
32,0,230
32,0,229
32,0,228
32,0,226
32,0,225
32,0,224
32,0,223
32,0,221
32,0,218
32,1,215
32,0,210
32,0,209
32,0,207
32,0,206
32,0,203
32,0,202
32,0,201
32,0,200
32,0,198
32,0,197
32,0,193
32,0,192
32,0,186
32,0,183
32,1,177
32,0,167
32,0,166
32,1,162
32,1,161
32,0,159
32,0,158
32,0,157
32,0,156
32,0,153
32,0,152
32,0,151
32,0,150
32,0,149
32,0,148
32,0,147
32,0,146
32,0,144
32,0,143
32,0,142
32,0,141
32,0,138
32,0,136
32,0,134
32,0,132
32,0,131
32,0,130
32,0,129
32,0,128
32,0,127
32,0,126
32,0,125
32,0,123
32,0,122
32,0,121
32,0,119
32,0,118
32,0,117
32,0,116
32,0,115
32,0,114
32,0,112
32,0,110
32,0,109
32,0,108
32,0,107
32,0,105
32,0,103
32,0,101
32,0,99
32,0,97
32,0,95
32,0,94
32,0,93
32,0,91
32,0,88
32,0,86
32,0,85
32,0,80
32,0,79
32,0,78
32,0,74
32,0,73
32,0,72
32,0,71
32,0,70
32,0,67
32,0,65
32,0,64
32,0,63
32,0,62
32,0,60
32,0,58
32,1,49
32,0,46
32,0,42
32,1,40
32,0,37
32,0,35
32,1,33
32,1,28
32,1,24
32,1,22
32,1,20
32,1,19
32,1,11
32,1,10
32,1,5
32,1,4
31,0,333
31,0,329
31,0,328
31,0,324
31,0,323
31,0,321
31,0,320
31,0,318
31,0,317
31,0,308
31,0,302
31,0,301
31,0,298
31,0,297
31,0,288
31,0,286
31,0,285
31,0,284
31,0,283
31,0,282
31,0,281
31,0,279
31,0,278
31,0,277
31,0,276
31,0,274
31,0,273
31,0,272
31,0,271
31,0,270
31,0,269
31,0,268
31,0,267
31,0,265
31,0,264
31,0,263
31,0,262
31,0,261
31,0,260
31,0,259
31,0,258
31,0,257
31,0,255
31,0,254
31,0,252
31,0,251
31,0,250
31,0,248
31,0,245
31,0,243
31,0,242
31,0,238
31,0,237
31,0,235
31,0,233
31,0,232
31,0,230
31,0,229
31,0,228
31,0,226
31,0,225
31,0,224
31,0,221
31,0,220
31,0,218
31,1,215
31,0,210
31,0,209
31,0,208
31,0,206
31,0,204
31,0,203
31,0,202
31,0,201
31,0,200
31,0,198
31,0,196
31,0,193
31,0,192
31,0,190
31,0,189
31,0,186
31,0,184
31,0,183
31,0,182
31,0,181
31,0,180
31,0,179
31,1,177
31,0,175
31,0,172
31,0,171
31,0,168
31,0,166
31,1,162
31,0,159
31,0,158
31,0,157
31,0,156
31,0,153
31,0,151
31,0,149
31,0,147
31,0,145
31,0,144
31,0,143
31,0,142
31,0,141
31,0,138
31,0,137
31,0,136
31,0,135
31,0,134
31,0,132
31,0,131
31,0,130
31,0,129
31,0,128
31,0,127
31,0,126
31,0,125
31,0,123
31,0,122
31,0,121
31,0,120
31,0,119
31,0,118
31,0,117
31,0,116
31,0,115
31,0,114
31,0,112
31,0,110
31,0,109
31,0,108
31,0,107
31,0,105
31,0,103
31,0,100
31,0,99
31,0,97
31,0,95
31,0,94
31,0,93
31,0,92
31,0,91
31,0,89
31,0,88
31,0,85
31,0,80
31,0,79
31,0,78
31,0,75
31,0,73
31,0,72
31,0,71
31,0,69
31,0,67
31,0,65
31,0,64
31,0,62
31,0,60
31,0,58
31,0,56
31,0,55
31,0,54
31,1,49
31,0,48
31,0,47
31,0,44
31,0,37
31,0,36
31,1,33
31,0,32
31,1,31
31,1,30
31,1,28
31,1,25
31,0,22
31,1,21
31,1,20
31,1,19
31,1,17
31,0,13
31,1,12
31,1,11
31,1,10
31,0,6
31,1,4
31,1,2
31,0,1
30,0,343
30,0,342
30,0,341
30,0,340
30,0,339
30,0,338
30,0,337
30,0,333
30,0,330
30,0,329
30,0,328
30,0,315
30,0,308
30,0,307
30,0,306
30,0,305
30,0,304
30,0,303
30,0,302
30,0,301
30,0,299
30,0,298
30,0,297
30,1,291
30,0,286
30,0,285
30,0,284
30,0,283
30,0,282
30,0,281
30,0,280
30,0,279
30,0,278
30,0,277
30,0,276
30,0,275
30,0,274
30,0,273
30,0,272
30,0,271
30,0,270
30,0,269
30,0,268
30,0,267
30,0,266
30,0,265
30,0,264
30,0,263
30,0,262
30,0,261
30,0,260
30,0,259
30,0,258
30,0,257
30,0,256
30,0,255
30,0,254
30,0,253
30,0,252
30,0,251
30,0,250
30,0,249
30,0,248
30,0,245
30,0,243
30,0,242
30,0,241
30,0,237
30,0,236
30,0,235
30,0,234
30,0,233
30,0,232
30,0,231
30,0,230
30,0,229
30,0,228
30,0,227
30,0,226
30,0,225
30,0,224
30,0,223
30,0,221
30,0,220
30,0,218
30,0,217
30,0,213
30,0,212
30,0,211
30,0,210
30,0,209
30,0,208
30,0,207
30,0,206
30,0,205
30,0,204
30,0,203
30,0,202
30,0,201
30,0,200
30,0,199
30,0,198
30,0,197
30,0,196
30,0,195
30,0,193
30,0,192
30,0,190
30,0,189
30,0,186
30,0,185
30,0,184
30,0,183
30,0,175
30,0,174
30,0,168
30,0,167
30,0,165
30,0,163
30,0,159
30,0,158
30,0,157
30,0,156
30,0,155
30,0,154
30,0,153
30,0,152
30,0,151
30,0,150
30,0,149
30,0,148
30,0,147
30,0,146
30,0,144
30,0,143
30,0,142
30,0,141
30,0,140
30,0,138
30,0,137
30,0,136
30,0,135
30,0,134
30,0,133
30,0,132
30,0,131
30,0,130
30,0,129
30,0,128
30,0,127
30,0,126
30,0,125
30,0,124
30,0,123
30,0,122
30,0,121
30,0,120
30,0,119
30,0,118
30,0,117
30,0,116
30,0,115
30,0,114
30,0,113
30,0,112
30,0,111
30,0,110
30,0,109
30,0,108
30,0,107
30,0,105
30,0,103
30,0,102
30,0,101
30,0,100
30,0,99
30,0,98
30,0,97
30,0,96
30,0,95
30,0,94
30,0,93
30,0,92
30,0,91
30,0,89
30,0,88
30,0,86
30,0,85
30,0,83
30,0,80
30,0,79
30,0,78
30,0,77
30,0,76
30,0,75
30,0,73
30,0,71
30,0,70
30,0,69
30,0,67
30,0,65
30,0,64
30,0,63
30,0,62
30,0,60
30,0,58
30,0,53
30,0,52
30,0,51
30,0,50
30,0,48
30,0,46
30,0,45
30,0,44
30,0,42
30,0,39
30,0,38
30,0,37
30,0,36
30,0,35
30,1,33
30,0,31
30,0,27
30,0,16
30,0,14
30,0,13
30,1,11
30,0,9
30,1,5
30,0,3
29,0,339
29,0,333
29,0,330
29,0,329
29,0,327
29,1,314
29,0,307
29,0,304
29,0,303
29,0,301
29,0,298
29,0,297
29,0,294
29,0,286
29,0,285
29,0,284
29,0,283
29,0,282
29,0,281
29,0,280
29,0,279
29,0,278
29,0,277
29,0,276
29,0,275
29,0,274
29,0,273
29,0,272
29,0,271
29,0,270
29,0,269
29,0,268
29,0,267
29,0,265
29,0,264
29,0,263
29,0,262
29,0,261
29,0,260
29,0,259
29,0,258
29,0,257
29,0,255
29,0,254
29,0,252
29,0,248
29,0,243
29,0,242
29,0,238
29,0,237
29,0,236
29,0,233
29,0,232
29,0,231
29,0,230
29,0,229
29,0,228
29,0,226
29,0,225
29,0,224
29,0,223
29,0,221
29,0,220
29,0,218
29,0,217
29,0,216
29,0,214
29,0,213
29,0,212
29,0,210
29,0,209
29,0,208
29,0,207
29,0,206
29,0,204
29,0,202
29,0,201
29,0,200
29,0,198
29,0,197
29,0,194
29,0,193
29,0,192
29,0,190
29,0,189
29,0,186
29,0,184
29,0,183
29,1,177
29,0,175
29,0,167
29,0,166
29,1,162
29,0,158
29,0,157
29,0,156
29,0,154
29,0,153
29,0,151
29,0,149
29,0,147
29,0,146
29,0,144
29,0,143
29,0,142
29,0,141
29,0,138
29,0,136
29,0,134
29,0,132
29,0,131
29,0,130
29,0,129
29,0,128
29,0,127
29,0,126
29,0,125
29,0,123
29,0,122
29,0,121
29,0,120
29,0,119
29,0,118
29,0,117
29,0,115
29,0,108
29,0,105
29,0,103
29,0,101
29,0,99
29,0,97
29,0,96
29,0,95
29,0,94
29,0,93
29,0,91
29,0,89
29,0,88
29,0,87
29,0,86
29,0,85
29,0,83
29,0,82
29,0,81
29,0,80
29,0,79
29,0,78
29,0,75
29,0,73
29,0,72
29,0,71
29,0,70
29,0,67
29,0,65
29,0,64
29,0,62
29,0,60
29,0,58
29,0,57
29,0,56
29,0,52
29,1,49
29,0,44
29,0,42
29,0,37
29,1,33
29,0,32
29,1,30
29,1,28
29,1,22
29,1,21
29,1,20
29,1,19
29,0,13
29,1,10
29,1,4
29,1,2
28,0,342
28,0,340
28,0,337
28,0,333
28,0,329
28,1,314
28,0,305
28,0,304
28,0,302
28,0,301
28,0,286
28,0,285
28,0,284
28,0,283
28,0,282
28,0,281
28,0,279
28,0,278
28,0,277
28,0,276
28,0,275
28,0,274
28,0,273
28,0,272
28,0,271
28,0,270
28,0,269
28,0,268
28,0,267
28,0,266
28,0,265
28,0,264
28,0,263
28,0,262
28,0,261
28,0,260
28,0,259
28,0,258
28,0,257
28,0,256
28,0,255
28,0,254
28,0,252
28,0,250
28,0,248
28,0,245
28,0,243
28,0,242
28,0,241
28,0,238
28,0,236
28,0,235
28,0,233
28,0,231
28,0,230
28,0,229
28,0,228
28,0,226
28,0,225
28,0,224
28,0,223
28,0,221
28,0,220
28,0,218
28,0,213
28,0,210
28,0,209
28,0,208
28,0,207
28,0,206
28,0,204
28,0,203
28,0,202
28,0,201
28,0,200
28,0,198
28,0,195
28,0,193
28,0,192
28,0,189
28,0,186
28,0,184
28,0,183
28,1,177
28,0,174
28,0,167
28,0,166
28,0,165
28,1,162
28,1,161
28,0,159
28,0,158
28,0,157
28,0,156
28,0,155
28,0,153
28,0,152
28,0,151
28,0,149
28,0,148
28,0,147
28,0,146
28,0,144
28,0,143
28,0,142
28,0,141
28,0,140
28,0,138
28,0,136
28,0,135
28,0,134
28,0,132
28,0,131
28,0,130
28,0,129
28,0,128
28,0,126
28,0,125
28,0,123
28,0,122
28,0,121
28,0,120
28,0,119
28,0,118
28,0,117
28,0,116
28,0,114
28,0,113
28,0,112
28,0,110
28,0,109
28,0,108
28,0,105
28,0,103
28,0,102
28,0,100
28,0,99
28,0,98
28,0,97
28,0,96
28,0,89
28,0,88
28,0,85
28,0,83
28,0,80
28,0,79
28,0,78
28,0,77
28,0,76
28,0,75
28,0,73
28,0,72
28,0,71
28,0,70
28,0,69
28,0,67
28,0,65
28,0,64
28,0,62
28,0,60
28,0,52
28,1,50
28,1,49
28,0,44
28,0,42
28,0,37
28,0,36
28,1,30
28,0,27
28,1,22
28,1,21
28,1,20
28,1,19
28,0,13
28,1,12
28,1,11
28,1,10
28,1,7
28,1,5
28,1,4
28,1,2
27,0,340
27,0,333
27,0,330
27,0,329
27,0,324
27,0,323
27,0,317
27,0,313
27,0,308
27,0,307
27,0,304
27,0,301
27,0,298
27,0,297
27,0,288
27,0,286
27,0,285
27,0,284
27,0,283
27,0,281
27,0,279
27,0,278
27,0,274
27,0,272
27,0,271
27,0,270
27,0,269
27,0,268
27,0,267
27,0,266
27,0,265
27,0,264
27,0,262
27,0,261
27,0,260
27,0,259
27,0,258
27,0,257
27,0,255
27,0,254
27,0,253
27,0,252
27,0,250
27,0,249
27,0,248
27,0,243
27,0,242
27,0,241
27,0,239
27,0,238
27,0,236
27,0,235
27,0,233
27,0,232
27,0,231
27,0,230
27,0,229
27,0,228
27,0,226
27,0,225
27,0,224
27,0,223
27,0,221
27,0,218
27,0,214
27,0,213
27,0,210
27,0,209
27,0,207
27,0,206
27,0,204
27,0,203
27,0,202
27,0,201
27,0,200
27,0,198
27,0,193
27,0,192
27,0,190
27,0,186
27,0,184
27,0,183
27,0,182
27,0,181
27,0,179
27,1,177
27,0,167
27,0,166
27,1,162
27,1,161
27,0,159
27,0,158
27,0,157
27,0,152
27,0,147
27,0,146
27,0,145
27,0,144
27,0,142
27,0,141
27,0,138
27,0,136
27,0,135
27,0,134
27,0,132
27,0,131
27,0,127
27,0,123
27,0,121
27,0,119
27,0,118
27,0,117
27,0,116
27,0,114
27,0,113
27,0,109
27,0,107
27,0,105
27,0,103
27,0,100
27,0,99
27,0,98
27,0,96
27,0,95
27,0,94
27,0,93
27,0,92
27,0,91
27,0,88
27,0,85
27,0,83
27,0,80
27,0,79
27,0,75
27,0,74
27,0,73
27,0,71
27,0,70
27,0,67
27,0,65
27,0,60
27,0,58
27,0,55
27,0,54
27,0,52
27,1,49
27,0,48
27,0,47
27,0,46
27,0,44
27,0,42
27,1,40
27,0,37
27,0,35
27,0,32
27,1,31
27,0,27
27,1,19
27,1,17
27,1,11
27,1,4
26,0,340
26,0,339
26,0,335
26,0,333
26,1,314
26,0,313
26,0,311
26,0,308
26,0,307
26,0,305
26,0,284
26,0,283
26,0,281
26,0,280
26,0,279
26,0,278
26,0,274
26,0,273
26,0,272
26,0,271
26,0,270
26,0,269
26,0,268
26,0,267
26,0,266
26,0,265
26,0,264
26,0,262
26,0,261
26,0,260
26,0,259
26,0,258
26,0,255
26,0,254
26,0,253
26,0,251
26,0,250
26,0,249
26,0,248
26,0,245
26,0,243
26,0,242
26,0,241
26,0,237
26,0,235
26,0,234
26,0,233
26,0,232
26,0,231
26,0,230
26,0,229
26,0,228
26,0,227
26,0,220
26,0,159
26,0,158
26,0,157
26,0,155
26,0,148
26,0,147
26,0,146
26,0,144
26,0,142
26,1,141
26,0,140
26,0,138
26,0,136
26,0,134
26,0,133
26,0,132
26,0,131
26,0,127
26,0,124
26,0,123
26,0,122
26,0,121
26,0,119
26,0,118
26,0,117
26,0,116
26,0,115
26,0,114
26,0,113
26,0,112
26,0,109
26,0,107
26,0,105
26,0,103
26,0,100
26,0,99
26,0,98
26,0,95
26,0,94
26,0,93
26,0,92
26,0,91
26,0,60
26,0,51
26,1,49
26,0,46
26,0,44
26,0,42
26,1,39
26,0,37
26,1,33
26,0,32
26,1,30
26,0,27
26,1,26
26,1,9
26,1,4
25,0,340
25,0,339
25,0,337
25,0,329
25,0,308
25,0,307
25,0,304
25,0,301
25,0,286
25,0,284
25,0,283
25,0,281
25,0,279
25,0,278
25,0,276
25,0,274
25,0,272
25,0,271
25,0,270
25,0,269
25,0,268
25,0,267
25,0,266
25,0,265
25,0,264
25,0,263
25,0,262
25,0,261
25,0,260
25,0,259
25,0,258
25,0,257
25,0,255
25,0,254
25,0,253
25,0,252
25,0,251
25,0,250
25,0,249
25,0,248
25,0,243
25,0,242
25,0,238
25,0,237
25,0,236
25,0,234
25,0,233
25,0,232
25,0,230
25,0,229
25,0,228
25,0,226
25,0,225
25,0,224
25,0,223
25,0,221
25,0,218
25,0,216
25,0,214
25,0,210
25,0,209
25,0,208
25,0,207
25,0,206
25,0,204
25,0,203
25,0,202
25,0,201
25,0,200
25,0,198
25,0,197
25,0,193
25,0,192
25,0,186
25,0,183
25,1,177
25,0,167
25,1,162
25,1,161
25,0,158
25,0,157
25,0,150
25,0,148
25,0,147
25,0,146
25,0,144
25,0,143
25,0,142
25,0,141
25,0,140
25,0,138
25,0,137
25,0,136
25,0,135
25,0,134
25,0,132
25,0,131
25,0,129
25,0,127
25,0,126
25,0,125
25,0,123
25,0,122
25,0,121
25,0,119
25,0,118
25,0,117
25,0,116
25,0,114
25,0,113
25,0,112
25,0,109
25,0,107
25,0,105
25,0,103
25,0,101
25,0,100
25,0,99
25,0,95
25,0,94
25,0,93
25,0,92
25,0,91
25,0,88
25,0,86
25,0,85
25,0,83
25,0,81
25,0,80
25,0,79
25,0,78
25,0,74
25,0,72
25,0,70
25,0,69
25,0,67
25,0,65
25,0,64
25,0,63
25,0,62
25,0,60
25,0,58
25,1,49
25,0,46
25,0,44
25,1,41
25,1,40
25,0,37
25,1,33
25,0,32
25,1,22
25,1,20
25,1,19
25,1,17
25,1,12
25,1,11
25,1,10
25,1,5
25,1,4
24,0,329
24,0,324
24,0,323
24,0,321
24,0,320
24,0,318
24,1,316
24,1,314
24,0,304
24,0,302
24,0,298
24,0,297
24,0,295
24,0,294
24,0,288
24,0,286
24,0,285
24,0,284
24,0,283
24,0,282
24,0,281
24,0,280
24,0,279
24,0,278
24,0,277
24,0,276
24,0,274
24,0,273
24,0,272
24,0,271
24,0,270
24,0,269
24,0,268
24,0,267
24,0,265
24,0,264
24,0,263
24,0,260
24,0,259
24,0,258
24,0,257
24,0,256
24,0,255
24,0,254
24,0,252
24,0,250
24,0,248
24,0,243
24,0,242
24,0,238
24,0,237
24,0,236
24,0,235
24,0,233
24,0,232
24,0,231
24,0,230
24,0,229
24,0,228
24,0,226
24,0,225
24,0,224
24,0,223
24,0,221
24,0,218
24,0,214
24,0,213
24,0,210
24,0,209
24,0,207
24,0,206
24,0,204
24,0,203
24,0,202
24,0,201
24,0,200
24,0,198
24,0,197
24,0,195
24,0,194
24,0,193
24,0,192
24,0,191
24,0,190
24,0,189
24,0,188
24,0,186
24,0,184
24,0,183
24,0,182
24,0,181
24,0,179
24,0,175
24,0,172
24,0,171
24,0,167
24,0,166
24,0,165
24,1,162
24,0,159
24,0,158
24,0,157
24,0,156
24,0,155
24,0,154
24,0,153
24,0,151
24,0,150
24,0,149
24,0,148
24,0,147
24,0,146
24,0,144
24,0,142
24,0,141
24,0,140
24,0,138
24,0,136
24,0,135
24,0,133
24,0,132
24,0,131
24,0,130
24,0,129
24,0,128
24,0,127
24,0,126
24,0,125
24,0,123
24,0,122
24,0,121
24,0,120
24,0,118
24,0,117
24,0,116
24,0,115
24,0,114
24,0,112
24,0,109
24,0,108
24,0,105
24,0,103
24,0,101
24,0,100
24,0,99
24,0,97
24,0,95
24,0,94
24,0,93
24,0,92
24,0,91
24,0,88
24,0,86
24,0,85
24,0,83
24,0,80
24,0,79
24,0,78
24,0,76
24,0,75
24,0,73
24,0,72
24,0,71
24,0,70
24,0,69
24,0,67
24,0,65
24,0,64
24,0,62
24,0,60
24,0,59
24,0,58
24,0,55
24,1,50
24,1,49
24,0,44
24,0,37
24,1,33
24,1,28
24,1,26
24,1,22
24,1,21
24,1,20
24,1,19
24,0,13
24,1,11
24,1,7
24,1,5
24,1,4
24,0,3
24,0,1
23,0,340
23,0,339
23,0,333
23,0,308
23,0,306
23,0,304
23,0,301
23,0,297
23,0,286
23,0,283
23,0,281
23,0,280
23,0,279
23,0,278
23,0,277
23,0,276
23,0,274
23,0,273
23,0,272
23,0,271
23,0,270
23,0,269
23,0,268
23,0,267
23,0,266
23,0,264
23,0,262
23,0,261
23,0,260
23,0,259
23,0,258
23,0,256
23,0,254
23,0,252
23,0,250
23,0,249
23,0,248
23,0,243
23,0,242
23,0,238
23,0,237
23,0,236
23,0,235
23,0,233
23,0,232
23,0,230
23,0,229
23,0,228
23,0,226
23,0,225
23,0,224
23,0,221
23,0,218
23,1,215
23,0,210
23,0,209
23,0,208
23,0,206
23,0,203
23,0,202
23,0,201
23,0,200
23,0,198
23,0,197
23,0,196
23,0,193
23,0,192
23,0,189
23,0,186
23,0,184
23,0,183
23,0,175
23,0,166
23,1,162
23,0,158
23,0,157
23,0,156
23,0,147
23,0,146
23,0,144
23,0,143
23,0,142
23,0,141
23,0,140
23,0,138
23,0,136
23,0,134
23,0,133
23,0,132
23,0,131
23,0,127
23,0,124
23,0,123
23,0,122
23,0,121
23,0,119
23,0,118
23,0,117
23,0,116
23,0,114
23,0,113
23,0,112
23,0,109
23,0,108
23,0,105
23,0,103
23,0,101
23,0,100
23,0,99
23,0,97
23,0,96
23,0,95
23,0,93
23,0,92
23,0,91
23,0,88
23,0,85
23,0,80
23,0,79
23,0,78
23,0,75
23,0,73
23,0,72
23,0,71
23,0,70
23,0,67
23,0,65
23,0,64
23,0,62
23,0,60
23,0,58
23,0,52
23,0,51
23,1,49
23,0,46
23,0,44
23,0,42
23,0,37
23,0,35
23,1,33
23,0,32
23,1,30
23,1,28
23,1,22
23,1,20
23,1,19
23,1,17
23,0,13
23,1,11
23,1,5
23,1,4
22,0,343
22,0,340
22,0,339
22,0,335
22,0,333
22,0,330
22,0,329
22,0,328
22,0,326
22,0,324
22,0,323
22,0,322
22,0,321
22,0,320
22,0,319
22,0,318
22,0,317
22,0,313
22,0,312
22,0,307
22,0,302
22,0,301
22,0,298
22,0,297
22,0,288
22,0,287
22,0,286
22,0,285
22,0,284
22,0,283
22,0,282
22,0,281
22,0,279
22,0,278
22,0,276
22,0,275
22,0,274
22,0,272
22,0,271
22,0,270
22,0,269
22,0,268
22,0,267
22,0,266
22,0,265
22,0,264
22,0,263
22,0,262
22,0,261
22,0,260
22,0,259
22,0,258
22,0,257
22,0,255
22,0,254
22,0,252
22,0,251
22,0,250
22,0,249
22,0,248
22,0,243
22,0,242
22,0,241
22,0,239
22,0,238
22,0,237
22,0,236
22,0,235
22,0,234
22,0,233
22,0,232
22,0,231
22,0,230
22,0,229
22,0,228
22,0,227
22,0,226
22,0,225
22,0,224
22,0,223
22,0,221
22,0,220
22,0,218
22,0,217
22,0,216
22,0,214
22,0,213
22,0,212
22,0,211
22,0,210
22,0,209
22,0,208
22,0,207
22,0,206
22,0,204
22,0,203
22,0,202
22,0,201
22,0,200
22,0,198
22,0,196
22,0,195
22,0,194
22,0,193
22,0,192
22,0,191
22,0,190
22,0,189
22,0,188
22,0,187
22,0,186
22,0,185
22,0,183
22,0,182
22,0,181
22,0,179
22,1,177
22,0,175
22,0,174
22,0,172
22,0,171
22,0,167
22,0,166
22,0,165
22,0,164
22,0,159
22,0,158
22,0,157
22,0,155
22,0,154
22,0,153
22,0,152
22,0,150
22,0,147
22,0,146
22,0,145
22,0,144
22,0,142
22,0,141
22,0,138
22,0,137
22,0,136
22,0,134
22,0,132
22,0,131
22,0,129
22,0,128
22,0,127
22,0,125
22,0,124
22,0,123
22,0,121
22,0,119
22,0,118
22,0,117
22,0,116
22,0,115
22,0,114
22,0,113
22,0,111
22,0,109
22,0,107
22,0,105
22,0,103
22,0,101
22,0,100
22,0,99
22,0,98
22,0,96
22,0,95
22,0,94
22,0,93
22,0,92
22,0,91
22,0,90
22,0,88
22,0,86
22,0,85
22,0,83
22,0,82
22,0,81
22,0,80
22,0,79
22,0,78
22,0,77
22,0,76
22,0,75
22,0,73
22,0,72
22,0,71
22,0,70
22,0,69
22,0,67
22,0,65
22,0,64
22,0,63
22,0,62
22,0,60
22,0,59
22,0,58
22,0,57
22,0,56
22,0,55
22,0,54
22,0,52
22,0,51
22,0,46
22,0,45
22,0,44
22,0,42
22,0,39
22,0,37
22,0,35
22,1,33
22,0,32
22,1,31
22,1,30
22,0,27
22,1,19
22,0,16
22,0,14
22,0,13
22,0,9
22,0,8
22,1,4
22,0,3
22,0,1
21,0,339
21,0,333
21,0,329
21,0,327
21,0,324
21,0,323
21,0,322
21,0,321
21,0,320
21,0,319
21,0,318
21,0,317
21,1,313
21,0,307
21,0,304
21,0,301
21,0,297
21,0,295
21,0,288
21,0,286
21,0,285
21,0,284
21,0,283
21,0,281
21,0,279
21,0,278
21,0,277
21,0,276
21,0,275
21,0,274
21,0,272
21,0,271
21,0,270
21,0,269
21,0,268
21,0,267
21,0,266
21,0,265
21,0,264
21,0,263
21,0,262
21,0,261
21,0,260
21,0,258
21,0,257
21,0,254
21,0,252
21,0,249
21,0,248
21,1,243
21,0,242
21,0,239
21,0,237
21,0,236
21,0,230
21,0,229
21,0,226
21,0,225
21,0,224
21,0,223
21,0,221
21,0,218
21,0,217
21,0,213
21,0,210
21,0,209
21,0,204
21,0,203
21,0,202
21,0,201
21,0,200
21,0,198
21,0,197
21,0,196
21,0,194
21,0,193
21,0,192
21,0,191
21,0,190
21,0,189
21,0,188
21,0,186
21,0,184
21,0,183
21,0,181
21,0,180
21,0,179
21,1,177
21,0,172
21,0,171
21,0,167
21,0,158
21,0,157
21,0,156
21,0,150
21,0,147
21,0,146
21,0,144
21,0,143
21,0,142
21,0,138
21,0,137
21,0,136
21,0,135
21,0,134
21,0,132
21,0,131
21,0,129
21,0,128
21,0,127
21,0,126
21,0,125
21,0,123
21,0,118
21,0,117
21,0,116
21,0,114
21,0,113
21,0,105
21,0,103
21,0,101
21,0,100
21,0,99
21,0,98
21,0,96
21,0,91
21,0,89
21,0,88
21,0,85
21,0,83
21,0,81
21,0,80
21,0,79
21,0,78
21,0,76
21,0,73
21,0,72
21,0,71
21,0,70
21,0,69
21,0,67
21,0,66
21,0,65
21,0,64
21,0,62
21,0,60
21,0,59
21,0,58
21,0,57
21,0,56
21,0,55
21,0,54
21,0,51
21,1,49
21,0,47
21,0,46
21,0,44
21,1,40
21,0,37
21,0,32
21,1,31
21,1,22
21,1,20
21,1,19
21,0,6
21,1,4
21,0,1
20,0,342
20,0,339
20,0,333
20,0,329
20,0,327
20,1,316
20,0,308
20,0,306
20,0,304
20,0,302
20,0,301
20,0,297
20,0,285
20,0,284
20,0,283
20,0,282
20,0,281
20,0,280
20,0,279
20,0,278
20,0,277
20,0,276
20,0,275
20,0,274
20,0,273
20,0,272
20,0,271
20,0,270
20,0,269
20,0,268
20,0,267
20,0,266
20,0,265
20,0,264
20,0,263
20,0,262
20,0,261
20,0,260
20,0,259
20,0,258
20,0,257
20,0,256
20,0,255
20,0,254
20,0,252
20,0,251
20,0,250
20,0,249
20,0,248
20,0,245
20,0,243
20,0,242
20,0,241
20,0,238
20,0,237
20,0,236
20,0,233
20,0,232
20,0,231
20,0,230
20,0,229
20,0,228
20,0,226
20,0,225
20,0,224
20,0,223
20,0,221
20,0,220
20,0,218
20,0,210
20,0,209
20,0,208
20,0,207
20,0,206
20,0,203
20,0,202
20,0,201
20,0,200
20,0,198
20,0,196
20,0,195
20,0,193
20,0,192
20,0,188
20,0,186
20,0,184
20,0,183
20,1,177
20,0,175
20,0,174
20,0,168
20,0,167
20,0,166
20,1,164
20,1,161
20,0,158
20,0,157
20,0,156
20,0,155
20,0,153
20,0,152
20,0,150
20,0,148
20,0,147
20,0,146
20,0,144
20,0,142
20,0,141
20,0,140
20,0,138
20,0,137
20,0,136
20,0,135
20,0,134
20,0,133
20,0,132
20,0,131
20,0,130
20,0,129
20,0,128
20,0,127
20,0,125
20,0,123
20,0,122
20,0,121
20,0,120
20,0,119
20,0,118
20,0,117
20,0,116
20,0,114
20,0,113
20,0,112
20,0,110
20,0,109
20,0,108
20,0,107
20,0,105
20,0,103
20,0,102
20,0,101
20,0,100
20,0,99
20,0,96
20,0,95
20,0,94
20,0,93
20,0,92
20,0,91
20,0,89
20,0,88
20,0,85
20,0,80
20,0,79
20,0,77
20,0,75
20,0,73
20,0,72
20,0,71
20,0,70
20,0,69
20,0,67
20,0,65
20,0,64
20,0,63
20,0,62
20,0,60
20,0,58
20,1,49
20,0,47
20,0,46
20,0,44
20,0,39
20,0,37
20,0,35
20,1,33
20,0,32
20,0,31
20,1,28
20,1,24
20,1,21
20,1,20
20,0,14
20,1,11
20,1,4
20,0,3
19,0,342
19,0,341
19,0,340
19,0,339
19,0,338
19,0,337
19,0,333
19,0,330
19,0,329
19,0,328
19,0,327
19,0,319
19,0,318
19,0,317
19,0,314
19,0,307
19,0,304
19,0,301
19,1,289
19,0,288
19,0,286
19,0,285
19,0,284
19,0,283
19,0,282
19,0,281
19,0,280
19,0,279
19,0,278
19,0,277
19,0,276
19,0,274
19,0,273
19,0,272
19,0,271
19,0,270
19,0,269
19,0,268
19,0,267
19,0,266
19,0,265
19,0,264
19,0,263
19,0,262
19,0,261
19,0,260
19,0,259
19,0,258
19,0,257
19,0,256
19,0,255
19,0,254
19,0,253
19,0,252
19,0,251
19,0,250
19,0,249
19,0,248
19,0,242
19,0,241
19,0,238
19,0,237
19,0,236
19,0,235
19,0,233
19,0,232
19,0,231
19,0,230
19,0,229
19,0,228
19,0,226
19,0,225
19,0,224
19,0,223
19,0,221
19,0,220
19,0,218
19,0,214
19,0,213
19,0,210
19,0,209
19,0,208
19,0,207
19,0,206
19,0,204
19,0,203
19,0,202
19,0,201
19,0,200
19,0,198
19,0,196
19,0,195
19,0,193
19,0,192
19,0,186
19,0,185
19,0,183
19,0,175
19,0,174
19,1,173
19,0,172
19,0,168
19,0,167
19,0,166
19,1,162
19,0,159
19,0,158
19,0,157
19,0,156
19,0,155
19,0,154
19,0,153
19,0,152
19,0,151
19,0,150
19,0,149
19,0,148
19,0,147
19,0,146
19,0,145
19,0,144
19,0,143
19,0,142
19,0,141
19,0,140
19,0,138
19,0,137
19,0,136
19,0,135
19,0,134
19,0,132
19,0,131
19,0,130
19,0,129
19,0,128
19,0,127
19,0,126
19,0,125
19,0,124
19,0,123
19,0,122
19,0,121
19,0,119
19,0,118
19,0,117
19,0,116
19,0,115
19,0,114
19,0,113
19,0,112
19,0,110
19,0,109
19,0,108
19,0,107
19,0,105
19,0,103
19,0,101
19,0,100
19,0,99
19,0,98
19,0,97
19,0,96
19,0,95
19,0,94
19,0,93
19,0,92
19,0,91
19,0,90
19,0,89
19,0,88
19,0,85
19,0,83
19,0,81
19,0,80
19,0,79
19,0,77
19,0,75
19,0,73
19,0,72
19,0,71
19,0,70
19,0,69
19,0,67
19,0,66
19,0,65
19,0,64
19,0,63
19,0,62
19,0,60
19,0,58
19,0,52
19,0,51
19,0,50
19,0,48
19,0,46
19,0,44
19,0,39
19,0,37
19,0,35
19,1,33
19,0,32
19,0,27
19,0,22
19,0,13
19,1,11
19,0,6
19,1,4
18,0,333
18,0,331
18,0,330
18,0,329
18,0,310
18,0,308
18,0,307
18,0,301
18,0,297
18,0,286
18,0,261
18,0,252
18,0,247
18,0,242
18,0,240
18,0,239
18,0,238
18,0,236
18,0,233
18,0,232
18,0,230
18,0,229
18,0,228
18,0,227
18,0,226
18,0,225
18,0,224
18,0,223
18,0,222
18,0,221
18,0,218
18,0,213
18,0,210
18,0,209
18,0,207
18,0,206
18,0,203
18,0,202
18,0,201
18,0,200
18,0,198
18,0,197
18,0,193
18,0,192
18,0,189
18,0,186
18,0,166
18,1,162
18,0,153
18,0,121
18,0,118
18,0,117
18,1,111
18,0,106
18,0,105
18,0,103
18,0,100
18,0,99
18,0,98
18,0,97
18,0,95
18,0,94
18,0,93
18,0,92
18,0,91
18,0,88
18,0,85
18,0,83
18,0,80
18,0,79
18,0,78
18,0,77
18,0,73
18,0,72
18,0,71
18,0,70
18,0,67
18,0,65
18,0,64
18,0,63
18,0,62
18,0,60
18,0,58
18,0,44
18,0,39
18,0,37
18,1,33
18,0,32
18,1,31
18,1,22
18,1,21
18,1,19
18,1,17
18,1,11
18,1,10
18,1,9
18,1,7
18,1,6
18,1,5
17,0,340
17,0,339
17,0,333
17,0,329
17,0,308
17,0,307
17,0,304
17,0,297
17,0,286
17,0,285
17,0,284
17,0,283
17,0,282
17,0,281
17,0,279
17,0,278
17,0,277
17,0,276
17,0,274
17,0,272
17,0,271
17,0,270
17,0,269
17,0,268
17,0,267
17,0,266
17,0,265
17,0,264
17,0,262
17,0,261
17,0,260
17,0,259
17,0,258
17,0,257
17,0,255
17,0,254
17,0,252
17,0,250
17,0,248
17,0,243
17,0,242
17,0,241
17,0,238
17,0,237
17,0,236
17,0,235
17,0,233
17,0,232
17,0,230
17,0,229
17,0,228
17,0,227
17,0,226
17,0,225
17,0,224
17,0,223
17,0,221
17,0,220
17,0,218
17,0,213
17,0,210
17,0,207
17,0,206
17,0,204
17,0,202
17,0,201
17,0,200
17,0,198
17,0,193
17,0,192
17,0,189
17,0,186
17,0,184
17,0,183
17,1,177
17,0,167
17,1,163
17,1,162
17,1,161
17,0,159
17,0,158
17,0,157
17,0,156
17,0,153
17,0,152
17,0,151
17,0,147
17,0,146
17,0,144
17,0,143
17,0,142
17,0,141
17,0,138
17,0,137
17,0,136
17,0,135
17,0,134
17,0,132
17,0,131
17,0,129
17,0,127
17,0,126
17,0,123
17,0,121
17,0,120
17,0,119
17,0,118
17,0,117
17,0,116
17,0,114
17,0,113
17,0,112
17,0,109
17,0,108
17,0,105
17,0,103
17,0,100
17,0,99
17,0,97
17,0,95
17,0,94
17,0,93
17,0,92
17,0,91
17,0,88
17,0,85
17,0,83
17,0,80
17,0,79
17,0,78
17,0,73
17,0,72
17,0,71
17,0,70
17,0,69
17,0,67
17,0,64
17,0,60
17,0,58
17,0,52
17,1,49
17,0,46
17,0,44
17,0,42
17,1,40
17,0,37
17,0,36
17,0,35
17,1,33
17,0,32
17,1,30
17,1,22
17,1,21
17,1,17
17,1,12
17,1,11
17,1,5
17,1,4
16,0,329
16,0,328
16,0,327
16,0,304
16,0,301
16,0,286
16,0,285
16,0,284
16,0,283
16,0,281
16,0,278
16,0,277
16,0,276
16,0,272
16,0,271
16,0,270
16,0,269
16,0,268
16,0,267
16,0,264
16,0,262
16,0,261
16,0,260
16,0,258
16,0,255
16,0,254
16,0,252
16,0,250
16,0,248
16,0,243
16,0,242
16,0,237
16,0,233
16,0,232
16,0,231
16,0,230
16,0,229
16,0,228
16,0,226
16,0,225
16,0,224
16,0,223
16,0,221
16,0,220
16,0,218
16,0,217
16,0,213
16,0,210
16,0,209
16,0,208
16,0,207
16,0,206
16,0,204
16,0,203
16,0,202
16,0,201
16,0,200
16,0,198
16,0,196
16,0,193
16,0,192
16,0,186
16,0,183
16,0,167
16,0,166
16,1,162
16,0,159
16,0,158
16,0,157
16,0,147
16,0,146
16,0,144
16,0,143
16,0,141
16,0,138
16,0,136
16,0,135
16,0,134
16,0,132
16,0,131
16,0,129
16,0,127
16,0,125
16,0,123
16,0,122
16,0,121
16,0,118
16,0,114
16,0,109
16,0,105
16,0,101
16,0,99
16,0,95
16,0,91
16,0,89
16,0,88
16,0,86
16,0,85
16,0,83
16,0,80
16,0,79
16,0,78
16,0,77
16,0,76
16,0,75
16,0,74
16,0,73
16,0,72
16,0,71
16,0,70
16,0,67
16,0,66
16,0,65
16,0,64
16,0,62
16,0,60
16,0,58
16,1,50
16,1,49
16,0,44
16,1,41
16,0,37
16,1,34
16,1,33
16,1,28
16,1,24
16,1,22
16,1,21
16,0,13
16,1,12
16,1,11
16,1,10
16,1,9
16,1,7
16,1,5
16,1,4
16,0,3
16,1,2
15,0,339
15,0,333
15,1,314
15,0,308
15,0,284
15,0,283
15,0,281
15,0,278
15,0,277
15,0,274
15,0,272
15,0,271
15,0,270
15,0,269
15,0,268
15,0,267
15,0,266
15,0,264
15,0,262
15,0,260
15,0,258
15,0,254
15,0,252
15,0,248
15,0,243
15,0,237
15,0,236
15,0,234
15,0,233
15,0,232
15,0,231
15,0,230
15,0,229
15,0,228
15,0,220
15,1,162
15,0,159
15,0,158
15,0,157
15,0,147
15,0,146
15,0,144
15,0,143
15,0,142
15,0,141
15,0,136
15,0,134
15,0,132
15,0,131
15,0,127
15,0,123
15,0,122
15,0,121
15,0,118
15,0,117
15,0,116
15,0,114
15,0,112
15,0,105
15,0,103
15,0,100
15,0,99
15,0,96
15,0,95
15,0,94
15,0,93
15,0,91
15,0,74
15,0,60
15,0,52
15,1,49
15,0,46
15,0,44
15,1,41
15,1,40
15,0,37
15,1,34
15,1,33
15,0,32
15,1,31
15,1,30
15,1,28
15,0,27
15,1,26
15,1,24
15,1,22
15,1,21
15,1,9
15,1,7
15,1,6
15,1,5
15,1,4
15,1,2
15,1,0
14,0,340
14,0,338
14,0,333
14,0,331
14,0,329
14,1,314
14,0,310
14,0,308
14,0,307
14,0,306
14,0,305
14,0,302
14,0,301
14,0,286
14,0,285
14,0,284
14,0,283
14,0,281
14,0,280
14,0,279
14,0,278
14,0,277
14,0,276
14,0,274
14,0,273
14,0,272
14,0,271
14,0,270
14,0,269
14,0,268
14,0,267
14,0,266
14,0,265
14,0,264
14,0,263
14,0,262
14,0,261
14,0,260
14,0,259
14,0,258
14,0,257
14,0,256
14,0,255
14,0,254
14,0,253
14,0,252
14,0,251
14,0,250
14,0,249
14,0,248
14,0,247
14,0,246
14,0,245
14,0,244
14,0,243
14,0,242
14,0,241
14,0,240
14,0,239
14,0,238
14,0,237
14,0,236
14,0,235
14,0,234
14,0,233
14,0,232
14,0,231
14,0,230
14,0,229
14,0,228
14,0,226
14,0,225
14,0,224
14,0,221
14,0,220
14,0,219
14,0,218
14,0,217
14,0,214
14,0,213
14,0,212
14,0,211
14,0,210
14,0,209
14,0,208
14,0,207
14,0,206
14,0,204
14,0,203
14,0,202
14,0,201
14,0,200
14,0,198
14,0,196
14,0,195
14,0,193
14,0,192
14,0,186
14,0,183
14,0,175
14,0,174
14,0,169
14,0,167
14,0,166
14,0,165
14,1,162
14,1,161
14,0,160
14,0,159
14,0,158
14,0,157
14,0,152
14,0,148
14,0,147
14,0,144
14,0,142
14,0,140
14,0,139
14,0,138
14,0,137
14,0,136
14,0,135
14,0,134
14,0,132
14,0,131
14,0,124
14,0,123
14,0,122
14,0,121
14,0,119
14,0,118
14,0,117
14,0,116
14,0,114
14,0,113
14,0,112
14,0,111
14,0,109
14,0,107
14,0,106
14,0,105
14,0,104
14,0,103
14,0,101
14,0,100
14,0,99
14,0,98
14,0,96
14,0,95
14,0,94
14,0,93
14,0,91
14,0,89
14,0,88
14,0,86
14,0,85
14,0,83
14,0,80
14,0,79
14,0,78
14,0,77
14,0,76
14,0,75
14,0,73
14,0,72
14,0,71
14,0,70
14,0,69
14,0,67
14,0,65
14,0,64
14,0,63
14,0,62
14,0,60
14,0,58
14,0,51
14,1,49
14,0,47
14,0,44
14,0,43
14,0,38
14,0,37
14,0,36
14,0,35
14,0,32
14,0,27
14,1,11
14,1,10
14,0,6
14,1,5
14,1,4
14,0,3
14,1,0
13,0,339
13,0,305
13,0,301
13,0,298
13,0,297
13,0,286
13,0,285
13,0,284
13,0,283
13,0,281
13,0,280
13,0,278
13,0,276
13,0,275
13,0,274
13,0,273
13,0,272
13,0,271
13,0,270
13,0,269
13,0,268
13,0,267
13,0,265
13,0,264
13,0,263
13,0,262
13,0,261
13,0,260
13,0,259
13,0,258
13,0,257
13,0,256
13,0,255
13,0,254
13,0,252
13,0,250
13,0,248
13,0,243
13,0,242
13,0,238
13,0,237
13,0,236
13,0,232
13,0,230
13,0,229
13,0,228
13,0,226
13,0,225
13,0,224
13,0,223
13,0,221
13,0,220
13,0,218
13,1,215
13,0,210
13,0,207
13,0,203
13,0,202
13,0,201
13,0,200
13,0,198
13,0,193
13,0,192
13,0,189
13,0,186
13,0,183
13,1,177
13,0,168
13,0,167
13,1,162
13,0,159
13,0,158
13,0,157
13,0,155
13,0,148
13,0,147
13,0,146
13,0,144
13,0,143
13,0,142
13,0,141
13,0,140
13,0,138
13,0,137
13,0,136
13,0,135
13,0,133
13,0,132
13,0,131
13,0,128
13,0,127
13,0,125
13,0,123
13,0,122
13,0,121
13,0,118
13,0,117
13,0,116
13,0,115
13,0,114
13,0,112
13,0,109
13,0,105
13,0,102
13,0,101
13,0,100
13,0,99
13,0,95
13,0,94
13,0,93
13,0,92
13,0,91
13,0,88
13,0,85
13,0,80
13,0,79
13,0,73
13,0,70
13,0,69
13,0,67
13,0,65
13,0,64
13,0,63
13,0,62
13,0,60
13,0,58
13,1,50
13,1,49
13,0,46
13,0,44
13,1,40
13,0,37
13,1,34
13,1,33
13,1,28
13,1,22
13,1,21
13,1,20
13,1,17
13,1,12
13,1,11
13,1,7
13,1,6
13,1,5
13,1,4
13,0,3
12,0,340
12,0,337
12,0,330
12,0,329
12,1,314
12,0,312
12,0,307
12,0,306
12,0,305
12,0,301
12,0,297
12,0,286
12,0,285
12,0,284
12,0,283
12,0,281
12,0,280
12,0,279
12,0,278
12,0,277
12,0,276
12,0,274
12,0,272
12,0,271
12,0,270
12,0,269
12,0,268
12,0,267
12,0,266
12,0,265
12,0,264
12,0,262
12,0,261
12,0,260
12,0,259
12,0,258
12,0,256
12,0,255
12,0,254
12,0,252
12,0,248
12,0,243
12,0,242
12,0,238
12,0,237
12,0,236
12,0,233
12,0,232
12,0,231
12,0,230
12,0,229
12,0,228
12,0,226
12,0,225
12,0,224
12,0,223
12,0,221
12,0,220
12,0,218
12,0,217
12,0,213
12,0,210
12,0,209
12,0,208
12,0,207
12,0,206
12,0,204
12,0,203
12,0,202
12,0,201
12,0,200
12,0,198
12,0,196
12,0,193
12,0,192
12,0,186
12,0,183
12,0,167
12,1,162
12,1,161
12,0,159
12,0,158
12,0,157
12,0,156
12,0,152
12,0,151
12,0,150
12,0,149
12,0,148
12,0,147
12,0,146
12,0,144
12,0,143
12,0,142
12,0,141
12,0,140
12,0,136
12,0,134
12,0,132
12,0,131
12,0,129
12,0,128
12,0,127
12,0,126
12,0,125
12,0,123
12,0,122
12,0,121
12,0,119
12,0,118
12,0,117
12,0,116
12,0,115
12,0,113
12,0,112
12,0,109
12,0,108
12,0,105
12,0,103
12,0,101
12,0,100
12,0,99
12,0,95
12,0,94
12,0,93
12,0,92
12,0,91
12,0,88
12,0,86
12,0,85
12,0,83
12,0,81
12,0,80
12,0,79
12,0,75
12,0,73
12,0,71
12,0,70
12,0,69
12,0,67
12,0,65
12,0,64
12,0,63
12,0,62
12,0,60
12,0,58
12,0,51
12,1,50
12,1,49
12,0,46
12,0,44
12,1,40
12,0,37
12,0,36
12,0,35
12,1,33
12,0,31
12,1,30
12,1,22
12,1,21
12,1,17
12,1,11
12,1,7
12,1,5
12,1,4
12,1,2
11,0,339
11,0,338
11,0,331
11,0,330
11,0,329
11,0,328
11,1,316
11,0,308
11,0,306
11,0,305
11,0,302
11,0,301
11,0,299
11,1,291
11,0,286
11,0,284
11,0,283
11,0,281
11,0,280
11,0,279
11,0,278
11,0,277
11,0,276
11,0,275
11,0,274
11,0,273
11,0,272
11,0,271
11,0,270
11,0,269
11,0,268
11,0,267
11,0,266
11,0,265
11,0,264
11,0,263
11,0,262
11,0,261
11,0,260
11,0,259
11,0,258
11,0,257
11,0,256
11,0,255
11,0,254
11,0,253
11,0,252
11,0,251
11,0,250
11,0,249
11,0,248
11,0,247
11,0,246
11,0,245
11,0,244
11,0,243
11,0,240
11,0,239
11,0,238
11,0,231
11,0,230
11,0,229
11,0,228
11,0,226
11,0,225
11,0,224
11,0,223
11,0,221
11,0,220
11,0,218
11,0,213
11,0,211
11,0,210
11,0,209
11,0,208
11,0,206
11,0,204
11,0,203
11,0,202
11,0,201
11,0,200
11,0,199
11,0,198
11,0,197
11,0,196
11,0,193
11,0,192
11,0,186
11,0,185
11,0,183
11,0,175
11,0,174
11,0,167
11,0,166
11,0,165
11,0,163
11,1,162
11,1,161
11,0,159
11,0,158
11,0,156
11,0,155
11,0,153
11,0,151
11,0,150
11,0,148
11,0,147
11,0,146
11,0,145
11,0,144
11,0,142
11,0,141
11,0,140
11,0,139
11,0,138
11,0,136
11,0,135
11,0,134
11,0,133
11,0,132
11,0,131
11,0,127
11,0,125
11,0,123
11,0,121
11,0,120
11,0,119
11,0,118
11,0,116
11,0,115
11,0,114
11,0,113
11,0,112
11,0,109
11,0,107
11,0,106
11,0,105
11,0,103
11,0,101
11,0,100
11,0,99
11,0,95
11,0,94
11,0,93
11,0,91
11,0,89
11,0,88
11,0,85
11,0,80
11,0,79
11,0,78
11,0,77
11,0,76
11,0,75
11,0,71
11,0,70
11,0,69
11,0,68
11,0,67
11,0,65
11,0,64
11,0,63
11,0,62
11,0,61
11,0,60
11,0,58
11,0,51
11,1,49
11,0,48
11,0,44
11,0,39
11,0,35
11,1,33
11,0,32
11,0,31
11,0,29
11,1,28
11,1,26
11,1,22
11,1,19
11,1,18
11,0,13
11,1,11
11,1,10
11,1,5
11,1,4
11,0,3
11,1,0
10,0,340
10,0,333
10,0,329
10,0,328
10,0,306
10,0,305
10,0,304
10,0,303
10,0,301
10,1,291
10,0,286
10,0,284
10,0,283
10,0,281
10,0,280
10,0,279
10,0,278
10,0,276
10,0,275
10,0,274
10,0,273
10,0,272
10,0,271
10,0,270
10,0,269
10,0,268
10,0,267
10,0,266
10,0,265
10,0,264
10,0,262
10,0,261
10,0,260
10,0,259
10,0,258
10,0,257
10,0,256
10,0,255
10,0,254
10,0,252
10,0,248
10,0,243
10,0,242
10,0,238
10,0,237
10,0,236
10,0,233
10,0,232
10,0,231
10,0,230
10,0,228
10,0,226
10,0,225
10,0,224
10,0,223
10,0,221
10,0,218
10,0,217
10,0,214
10,0,213
10,0,212
10,0,211
10,0,210
10,0,209
10,0,208
10,0,207
10,0,206
10,0,204
10,0,203
10,0,202
10,0,201
10,0,200
10,0,199
10,0,198
10,0,197
10,0,196
10,0,193
10,0,192
10,0,189
10,0,186
10,0,183
10,0,175
10,0,168
10,0,167
10,0,166
10,0,165
10,1,162
10,1,161
10,0,159
10,0,158
10,0,157
10,0,148
10,0,147
10,0,146
10,0,144
10,0,142
10,0,140
10,0,137
10,0,136
10,0,134
10,0,132
10,0,131
10,0,127
10,0,123
10,0,122
10,0,121
10,0,118
10,0,117
10,0,116
10,0,114
10,0,112
10,0,109
10,0,105
10,0,103
10,0,100
10,0,99
10,0,96
10,0,95
10,0,94
10,0,93
10,0,92
10,0,91
10,0,89
10,0,88
10,0,87
10,0,86
10,0,85
10,0,84
10,0,83
10,0,81
10,0,80
10,0,79
10,0,78
10,0,77
10,0,76
10,0,75
10,0,73
10,0,72
10,0,71
10,0,70
10,0,69
10,0,67
10,0,66
10,0,65
10,0,64
10,0,63
10,0,62
10,0,60
10,0,58
10,1,49
10,0,46
10,0,44
10,0,42
10,1,40
10,0,37
10,1,34
10,1,33
10,0,32
10,0,31
10,1,28
10,1,22
10,1,21
10,0,13
10,1,11
10,1,10
10,1,6
10,1,4
10,1,2
10,1,0
9,0,340
9,0,337
9,0,333
9,0,329
9,0,328
9,0,308
9,0,304
9,0,302
9,0,301
9,0,300
9,0,299
9,0,297
9,0,286
9,0,285
9,0,283
9,0,281
9,0,279
9,0,278
9,0,276
9,0,274
9,0,273
9,0,272
9,0,271
9,0,270
9,0,269
9,0,268
9,0,267
9,0,266
9,0,265
9,0,264
9,0,262
9,0,261
9,0,260
9,0,259
9,0,258
9,0,257
9,0,255
9,0,254
9,0,252
9,0,251
9,0,250
9,0,249
9,0,248
9,0,243
9,0,238
9,0,236
9,0,235
9,0,233
9,0,232
9,0,231
9,0,230
9,0,229
9,0,228
9,0,226
9,0,225
9,0,223
9,0,221
9,0,220
9,0,218
9,0,217
9,0,216
9,0,214
9,0,213
9,0,212
9,0,211
9,0,210
9,0,209
9,0,208
9,0,207
9,0,206
9,0,205
9,0,204
9,0,203
9,0,202
9,0,201
9,0,200
9,0,199
9,0,198
9,0,197
9,0,196
9,0,193
9,0,192
9,0,190
9,0,189
9,0,186
9,0,185
9,0,184
9,0,183
9,1,177
9,0,175
9,0,166
9,0,165
9,1,161
9,0,158
9,0,157
9,0,156
9,0,155
9,0,154
9,0,153
9,0,150
9,0,149
9,0,147
9,0,146
9,0,144
9,0,143
9,0,142
9,0,141
9,0,138
9,0,136
9,0,134
9,0,132
9,0,131
9,0,129
9,0,128
9,0,127
9,0,126
9,0,125
9,0,124
9,0,123
9,0,121
9,0,119
9,0,118
9,0,117
9,0,116
9,0,115
9,0,114
9,0,112
9,0,109
9,0,105
9,0,103
9,0,101
9,0,100
9,0,99
9,0,97
9,0,96
9,0,95
9,0,94
9,0,93
9,0,92
9,0,91
9,0,89
9,0,88
9,0,86
9,0,85
9,0,83
9,0,82
9,0,81
9,0,80
9,0,79
9,0,78
9,0,77
9,0,76
9,0,75
9,0,73
9,0,72
9,0,71
9,0,70
9,0,68
9,0,67
9,0,65
9,0,64
9,0,63
9,0,62
9,0,60
9,0,58
9,0,56
9,1,49
9,0,46
9,0,44
9,0,42
9,0,39
9,0,37
9,1,33
9,1,31
9,1,30
9,1,29
9,1,22
9,1,20
9,1,19
9,1,18
9,0,15
9,0,13
9,1,11
9,1,10
9,1,9
9,0,3
8,0,332
8,0,329
8,1,314
8,0,304
8,0,298
8,0,286
8,0,285
8,0,284
8,0,283
8,0,281
8,0,278
8,0,277
8,0,276
8,0,274
8,0,272
8,0,271
8,0,270
8,0,269
8,0,268
8,0,267
8,0,266
8,0,265
8,0,264
8,0,262
8,0,261
8,0,260
8,0,258
8,0,255
8,0,254
8,0,252
8,0,248
8,0,243
8,0,242
8,0,238
8,0,237
8,0,236
8,0,235
8,0,233
8,0,232
8,0,231
8,0,230
8,0,229
8,0,228
8,0,226
8,0,225
8,0,224
8,0,223
8,0,221
8,0,220
8,0,218
8,0,213
8,0,210
8,0,209
8,0,207
8,0,206
8,0,204
8,0,203
8,0,202
8,0,201
8,0,200
8,0,198
8,0,193
8,0,192
8,0,189
8,0,188
8,0,186
8,0,184
8,0,183
8,0,167
8,1,162
8,0,158
8,0,157
8,0,156
8,0,153
8,0,151
8,0,147
8,0,146
8,0,144
8,0,143
8,0,142
8,0,141
8,0,140
8,0,136
8,0,134
8,0,132
8,0,131
8,0,127
8,0,126
8,0,125
8,0,123
8,0,121
8,0,118
8,0,117
8,0,114
8,0,112
8,0,105
8,0,103
8,0,100
8,0,99
8,0,97
8,0,95
8,0,94
8,0,93
8,0,92
8,0,91
8,0,89
8,0,88
8,0,85
8,0,83
8,0,80
8,0,79
8,0,78
8,0,76
8,0,75
8,0,73
8,0,72
8,0,71
8,0,70
8,0,67
8,0,65
8,0,64
8,0,63
8,0,62
8,0,60
8,0,58
8,1,50
8,1,49
8,0,46
8,0,44
8,1,41
8,1,40
8,0,37
8,1,34
8,1,33
8,0,32
8,1,30
8,1,22
8,1,21
8,1,17
8,1,11
8,1,10
8,1,9
8,1,7
8,1,4
8,1,2
7,0,337
7,0,333
7,1,314
7,0,305
7,1,303
7,0,297
7,0,286
7,0,283
7,0,281
7,0,278
7,0,277
7,0,276
7,0,275
7,0,274
7,0,272
7,0,270
7,0,269
7,0,268
7,0,267
7,0,264
7,0,262
7,0,261
7,0,260
7,0,259
7,0,258
7,0,257
7,0,254
7,0,252
7,0,248
7,0,242
7,0,238
7,0,237
7,0,236
7,0,235
7,0,232
7,0,231
7,0,230
7,0,229
7,0,228
7,0,226
7,0,225
7,0,224
7,0,223
7,0,221
7,0,220
7,0,218
7,1,215
7,0,214
7,0,209
7,0,207
7,0,204
7,0,202
7,0,201
7,0,200
7,0,198
7,0,193
7,0,192
7,0,190
7,0,189
7,0,188
7,0,186
7,0,184
7,0,183
7,0,181
7,0,179
7,1,177
7,1,168
7,0,167
7,1,163
7,1,162
7,1,161
7,0,158
7,0,157
7,0,153
7,0,147
7,0,146
7,0,144
7,0,143
7,0,140
7,0,132
7,0,131
7,0,127
7,0,125
7,0,123
7,0,118
7,0,117
7,0,116
7,0,105
7,0,103
7,0,100
7,0,99
7,0,96
7,0,95
7,0,94
7,0,93
7,0,92
7,0,91
7,0,88
7,0,85
7,0,83
7,0,80
7,0,79
7,0,78
7,0,73
7,0,72
7,0,70
7,0,67
7,0,65
7,0,64
7,0,60
7,0,59
7,0,58
7,0,57
7,0,55
7,1,50
7,1,49
7,1,46
7,0,44
7,1,41
7,1,40
7,1,30
7,1,22
7,1,21
7,1,20
7,1,19
7,1,17
7,1,12
7,1,11
7,1,10
7,1,9
7,1,7
7,1,4
7,1,2
7,1,0
6,0,333
6,0,331
6,0,329
6,0,310
6,0,308
6,0,306
6,0,305
6,0,304
6,0,302
6,0,301
6,0,286
6,0,285
6,0,284
6,0,283
6,0,281
6,0,280
6,0,279
6,0,278
6,0,276
6,0,274
6,0,273
6,0,272
6,0,271
6,0,270
6,0,269
6,0,268
6,0,267
6,0,265
6,0,264
6,0,263
6,0,262
6,0,261
6,0,260
6,0,258
6,0,257
6,0,256
6,0,255
6,0,254
6,0,253
6,0,252
6,0,250
6,0,248
6,0,247
6,0,246
6,0,245
6,0,244
6,0,243
6,0,242
6,0,240
6,0,239
6,0,238
6,0,236
6,0,235
6,0,233
6,0,232
6,0,231
6,0,230
6,0,229
6,0,228
6,0,227
6,0,226
6,0,225
6,0,224
6,0,223
6,0,221
6,0,220
6,0,218
6,0,210
6,0,207
6,0,206
6,0,204
6,0,203
6,0,202
6,0,201
6,0,200
6,0,198
6,0,195
6,0,193
6,0,192
6,0,191
6,0,189
6,0,186
6,0,184
6,0,183
6,0,169
6,0,168
6,0,167
6,1,162
6,1,161
6,0,160
6,0,159
6,0,158
6,0,152
6,0,148
6,0,147
6,0,146
6,0,144
6,0,142
6,0,141
6,0,140
6,0,139
6,0,138
6,0,137
6,0,136
6,0,135
6,0,134
6,0,133
6,0,132
6,0,131
6,0,128
6,0,125
6,0,124
6,0,123
6,0,122
6,0,121
6,0,119
6,0,118
6,0,117
6,0,116
6,0,115
6,0,114
6,0,113
6,0,112
6,0,109
6,0,105
6,0,104
6,0,103
6,0,101
6,0,100
6,0,99
6,0,98
6,0,96
6,0,95
6,0,94
6,0,93
6,0,92
6,0,91
6,0,89
6,0,88
6,0,85
6,0,80
6,0,79
6,0,76
6,0,75
6,0,73
6,0,72
6,0,71
6,0,69
6,0,67
6,0,65
6,0,64
6,0,62
6,0,60
6,0,58
6,0,52
6,0,51
6,0,48
6,0,46
6,0,44
6,0,37
6,0,35
6,0,32
6,1,30
6,0,27
6,1,24
6,1,22
6,1,21
6,1,20
6,1,19
6,1,18
6,1,17
6,1,11
6,1,10
6,1,7
6,0,6
6,1,4
6,1,2
5,0,339
5,0,329
5,1,314
5,0,313
5,0,297
5,0,286
5,0,285
5,0,284
5,0,283
5,0,281
5,0,278
5,0,277
5,0,276
5,0,274
5,0,272
5,0,271
5,0,270
5,0,269
5,0,268
5,0,267
5,0,266
5,0,264
5,0,262
5,0,261
5,0,258
5,0,254
5,0,252
5,0,248
5,0,238
5,0,237
5,0,236
5,0,234
5,0,232
5,0,231
5,0,230
5,0,229
5,0,228
5,0,225
5,0,224
5,0,223
5,0,221
5,0,218
5,0,204
5,0,203
5,0,202
5,0,200
5,0,193
5,0,192
5,0,186
5,0,183
5,1,177
5,0,167
5,1,163
5,1,162
5,1,161
5,0,158
5,0,157
5,0,150
5,0,147
5,0,146
5,0,144
5,0,141
5,0,136
5,0,134
5,0,132
5,0,131
5,0,127
5,0,123
5,0,122
5,0,121
5,0,105
5,0,100
5,0,99
5,0,95
5,0,93
5,0,91
5,0,88
5,0,85
5,0,80
5,0,79
5,0,70
5,0,67
5,0,65
5,0,62
5,0,60
5,0,58
5,1,50
5,1,49
5,1,48
5,1,45
5,0,44
5,1,41
5,1,40
5,1,34
5,1,33
5,0,32
5,1,30
5,1,28
5,1,24
5,1,23
5,1,22
5,1,21
5,1,20
5,1,19
5,1,17
5,1,12
5,1,11
5,1,9
5,1,7
5,1,6
5,1,5
5,1,4
5,0,3
5,1,2
4,0,333
4,0,330
4,0,329
4,1,314
4,0,308
4,0,303
4,0,302
4,0,301
4,1,291
4,0,286
4,0,281
4,0,278
4,0,277
4,0,274
4,0,272
4,0,271
4,0,270
4,0,269
4,0,267
4,0,266
4,0,265
4,0,264
4,0,260
4,0,258
4,0,255
4,0,254
4,0,248
4,0,243
4,0,242
4,0,237
4,0,235
4,0,234
4,0,233
4,0,232
4,0,231
4,0,230
4,0,229
4,0,228
4,0,226
4,0,225
4,0,224
4,0,223
4,0,221
4,0,220
4,0,219
4,0,218
4,0,217
4,0,216
4,0,214
4,0,213
4,0,212
4,0,211
4,0,210
4,0,209
4,0,208
4,0,207
4,0,206
4,0,204
4,0,203
4,0,202
4,0,201
4,0,200
4,0,198
4,0,196
4,0,193
4,0,192
4,0,186
4,0,183
4,0,175
4,0,167
4,0,166
4,1,161
4,0,158
4,0,147
4,0,144
4,0,143
4,0,142
4,0,136
4,0,134
4,0,132
4,0,131
4,0,127
4,0,123
4,0,121
4,0,119
4,0,116
4,0,105
4,0,103
4,0,100
4,0,99
4,0,97
4,0,95
4,0,94
4,0,93
4,0,92
4,0,91
4,0,90
4,0,89
4,0,88
4,0,86
4,0,85
4,0,83
4,0,82
4,0,81
4,0,80
4,0,79
4,0,78
4,0,76
4,0,75
4,0,74
4,0,73
4,0,72
4,0,71
4,0,70
4,0,67
4,0,66
4,0,65
4,0,64
4,0,62
4,0,60
4,0,58
4,1,50
4,1,49
4,0,44
4,1,40
4,1,34
4,1,33
4,0,32
4,1,31
4,1,22
4,1,21
4,0,13
4,1,12
4,1,11
4,1,10
4,1,7
4,1,5
4,1,4
4,0,3
4,1,2
3,1,254
3,0,242
3,0,231
3,0,229
3,0,228
3,0,222
3,0,118
3,0,106
3,0,103
3,0,100
3,0,99
3,0,95
3,0,91
3,0,60
3,1,41
3,1,33
3,1,28
3,1,25
3,1,22
3,1,21
3,1,6
2,1,314
2,0,306
2,0,304
2,0,301
2,0,286
2,0,284
2,0,283
2,0,281
2,0,279
2,0,278
2,0,277
2,0,275
2,0,274
2,0,272
2,0,271
2,0,270
2,0,269
2,0,268
2,0,267
2,0,264
2,0,262
2,0,261
2,0,260
2,0,258
2,0,257
2,0,254
2,0,252
2,0,248
2,0,236
2,0,232
2,0,231
2,0,230
2,0,229
2,0,228
2,0,226
2,0,225
2,0,224
2,0,221
2,0,220
2,0,218
2,0,210
2,0,207
2,0,206
2,0,204
2,0,203
2,0,202
2,0,201
2,0,200
2,0,198
2,0,193
2,0,192
2,0,189
2,0,186
2,0,184
2,0,183
2,1,177
2,0,167
2,0,166
2,1,162
2,0,158
2,0,157
2,0,150
2,0,147
2,0,146
2,0,144
2,0,142
2,0,141
2,0,140
2,0,136
2,0,135
2,0,132
2,0,131
2,0,127
2,0,126
2,0,125
2,0,123
2,0,122
2,0,121
2,0,118
2,0,117
2,0,115
2,0,105
2,0,103
2,0,101
2,0,100
2,0,99
2,0,95
2,0,94
2,0,93
2,0,91
2,0,88
2,0,85
2,0,83
2,0,80
2,0,79
2,0,78
2,0,74
2,0,73
2,0,72
2,0,70
2,0,67
2,0,66
2,0,65
2,0,62
2,0,60
2,0,58
2,1,49
2,0,46
2,0,44
2,1,41
2,1,40
2,1,33
2,1,28
2,1,24
2,1,22
2,1,21
2,1,20
2,1,17
2,1,11
2,1,9
2,1,6
2,1,5
2,1,4
2,1,2
2,1,0
1,0,333
1,0,324
1,0,323
1,1,314
1,0,301
1,0,298
1,0,297
1,0,286
1,0,285
1,0,283
1,0,281
1,0,278
1,0,272
1,0,270
1,0,269
1,0,268
1,0,267
1,0,264
1,0,260
1,0,258
1,0,257
1,0,256
1,0,255
1,0,254
1,0,252
1,0,248
1,0,242
1,0,232
1,0,230
1,0,226
1,0,225
1,0,224
1,0,223
1,0,221
1,0,218
1,0,209
1,0,208
1,0,207
1,0,206
1,0,202
1,0,201
1,0,200
1,0,198
1,0,193
1,0,192
1,0,190
1,0,189
1,0,188
1,0,186
1,0,183
1,0,181
1,0,179
1,1,177
1,1,173
1,0,167
1,1,162
1,1,161
1,0,158
1,0,157
1,0,147
1,0,146
1,0,144
1,0,143
1,0,141
1,0,140
1,0,138
1,0,132
1,0,131
1,0,127
1,0,125
1,0,123
1,0,121
1,0,119
1,0,116
1,0,105
1,0,103
1,0,99
1,0,93
1,0,91
1,0,88
1,0,85
1,0,81
1,0,80
1,0,70
1,0,67
1,0,65
1,0,64
1,0,60
1,0,58
1,0,57
1,0,54
1,1,51
1,1,50
1,1,49
1,1,46
1,0,44
1,1,40
1,1,33
1,1,28
1,1,25
1,1,22
1,1,21
1,1,20
1,1,19
1,1,17
1,1,12
1,1,11
1,1,10
1,1,9
1,1,7
1,1,4
1,1,2
1,1,0
0,0,329
0,0,328
0,0,327
0,1,314
0,0,308
0,0,307
0,0,305
0,0,303
0,0,302
0,0,301
0,0,298
0,0,297
0,0,286
0,0,285
0,0,284
0,0,283
0,0,282
0,0,281
0,0,279
0,0,278
0,0,277
0,0,276
0,0,274
0,0,273
0,0,272
0,0,271
0,0,270
0,0,269
0,0,268
0,0,267
0,0,266
0,0,264
0,0,263
0,0,262
0,0,261
0,0,260
0,0,259
0,0,258
0,0,255
0,0,254
0,0,252
0,0,251
0,0,250
0,0,249
0,0,248
0,0,245
0,0,243
0,0,242
0,0,241
0,0,235
0,0,233
0,0,232
0,0,231
0,0,230
0,0,229
0,0,228
0,0,226
0,0,225
0,0,224
0,0,223
0,0,221
0,0,220
0,0,218
0,0,217
0,0,214
0,0,213
0,0,210
0,0,209
0,0,208
0,0,207
0,0,206
0,0,204
0,0,203
0,0,202
0,0,201
0,0,200
0,0,198
0,0,197
0,0,195
0,0,194
0,0,193
0,0,192
0,0,191
0,0,190
0,0,189
0,0,187
0,0,186
0,0,185
0,0,184
0,0,183
0,0,175
0,0,174
0,0,167
0,0,166
0,1,162
0,0,159
0,0,158
0,0,157
0,0,156
0,0,152
0,0,147
0,0,144
0,0,143
0,0,142
0,0,141
0,0,138
0,0,136
0,0,135
0,0,134
0,0,132
0,0,131
0,0,129
0,0,128
0,0,127
0,0,126
0,0,125
0,0,123
0,0,122
0,0,121
0,0,119
0,0,118
0,0,117
0,0,116
0,0,115
0,0,114
0,0,112
0,0,109
0,0,108
0,0,103
0,0,101
0,0,100
0,0,99
0,0,98
0,0,95
0,0,94
0,0,93
0,0,92
0,0,91
0,0,89
0,0,88
0,0,85
0,0,80
0,0,79
0,0,78
0,0,77
0,0,76
0,0,75
0,0,73
0,0,72
0,0,71
0,0,70
0,0,67
0,0,65
0,0,64
0,0,63
0,0,62
0,0,61
0,0,60
0,0,58
0,0,57
0,0,52
0,0,51
0,1,49
0,1,44
0,0,42
0,0,36
0,1,34
0,1,33
0,1,31
0,1,29
0,1,28
0,1,22
0,1,21
0,1,17
0,0,13
0,1,11
0,1,4
0,0,3
0,1,2
